
TradesmanAllNBRq
Version 4-1
Report Created 29/7/2011

Min,Max,Level 1,Level 2,Level 3,Level 4,Level 5,Level 6,Level 7,Level 8,Level 9,Level 10,Type,Max Length,Caption,Description
1,1,DateGenerated,,,,,,,,,,"date","","","The date that the entry was generated."
1,1,TimeGenerated,,,,,,,,,,"time","","","The time on the creation date when the entry was generated."
1,1,StartDate,,,,,,,,,,"date","","Cover start date for this transaction","The date the entry is to take effect."
1,1,StartTime,,,,,,,,,,"time","","Cover start time for this transaction","The time the entry is to take effect."
0,1,EndDate,,,,,,,,,,"date","","Cover end date for this transaction","The date the entry is to expire."
0,1,EndTime,,,,,,,,,,"time","","Cover end time for this transaction","The time the entry is to expire."
0,1,AgencyAccountRef,,,,,,,,,,"s-25","","Agency account reference","A reference allocated by the insurer to identify the individual agency account/contract."
0,1,BusinessSource,,,,,,,,,,,"","Business Source","The lead from which the business originated regardless of any interventions that may have taken place."
0,1,,Code,,,,,,,,,,"","Business Source Code","A code to indicate the source of the business"
1,1,,,Value,,,,,,,,"xs:string","","","A value from a market list."
0,1,,,ShortDescription,,,,,,,,"xs:string","","","The short description for the value taken from the market list."
0,1,,,Description,,,,,,,,"string","","Required if Other Aggregator chosen","A description provided by the user which supplements the code value."
0,1,,,Key1,,,,,,,,"key","","","A key for indexing a long list."
0,1,SoftwareHouse,,,,,,,,,,,"","Software House Details (for internal use only)","Details of a software provider (for internal use only)."
0,1,,Code,,,,,,,,,,"","Name","A code to identify a party."
1,1,,,Value,,,,,,,,"xs:string","","","A value from a market list."
0,1,,,ShortDescription,,,,,,,,"xs:string","","","The short description for the value taken from the market list."
0,1,,,Key1,,,,,,,,"key","","","A key for indexing a long list."
1,1,Intermediary,,,,,,,,,,,"","Intermediary","Details of an insurance intermediary."
0,1,,PEMId,,,,,,,,,"s-25","","PEM Id","A code that uniquely identifies a party within PEM."
0,1,,InStepCode,,,,,,,,,"s-6","","","Contains a value from Online Code list 1 (EDI Directory)."
0,1,,CompanyName,,,,,,,,,"s-630","","Company name","The name of the company or partnership."
0,1,,RiskReference,,,,,,,,,"s-50","","Risk reference","The client reference"
0,1,,TransactionReference,,,,,,,,,"s-50","","The reference for this business transaction","The reference for this business transaction"
1,1,,Contact,,,,,,,,,,"","Contact information","Details of a contact at the trading partner."
1,1,,,IndividualName,,,,,,,,,"","Individual name","The name of the party when an individual."
1,1,,,,FirstForename,,,,,,,"s-40","","First forename","The first forename of an individual."
1,1,,,,Surname,,,,,,,"s-40","","Surname","The surname of an individual."
1,1,,,WorkTelephoneNo,,,,,,,,"s-15","","Work telephone number","The telephone number at work."
1,1,,,EmailAddress,,,,,,,,"s-50","","Email address","An email address for the party."
0,1,PriorInsurer,,,,,,,,,,,"","Current/previous insurer","The insurer who currently holds, or last held, the risk."
0,1,,Code,,,,,,,,,,"","Company","A code to identify a party."
1,1,,,Value,,,,,,,,"xs:string","","","A value from a market list."
0,1,,,ShortDescription,,,,,,,,"xs:string","","","The short description for the value taken from the market list."
0,1,,,Description,,,,,,,,"string","630","Required if Unlisted Insurer selected","A description provided by the user which supplements the code value."
0,1,,,Key1,,,,,,,,"key","","","A key for indexing a long list."
1,1,Insured,,,,,,,,,,,"","Insured","Details of the insured/proposer"
0,1,,CompanyName,,,,,,,,,"s-630","","The trading name for a sole proprietor company, the partnership trading name or the limited company name","The name of the company or partnership"
1,1,,CompanyStatusCode,,,,,,,,,,"","Company status","Indicates the type of company."
1,1,,,Value,,,,,,,,"xs:string","","","A value from a market list."
0,1,,,ShortDescription,,,,,,,,"xs:string","","","The short description for the value taken from the market list."
0,1,,,Key1,,,,,,,,"key","","","A key for indexing a long list."
1,1,,PAYEThresholdInd,,,,,,,,,,"","Are all your Employees (including labour only sub contractors, trainees, apprentices) paid below the PAYE threshold?","Indicated if all company Employees (including labour only sub contractors, trainees, apprentices) paid below the PAYE threshold?"
1,1,,,Value,,,,,,,,"xs:boolean","","","A value that represents a true or false response."
0,1,,EmployersRefNo,,,,,,,,,"s-25","","Employers Reference Number.","A unique reference number for the employer."
0,5,,IndividualName,,,,,,,,,,"","Partners name, or individual's name if trading as a sole proprietor or an individual","The name of the party when an individual."
1,1,,,TitleCode,,,,,,,,,"","Title","Identifies the title of an individual."
1,1,,,,Value,,,,,,,"xs:string","","","A value from a market list."
0,1,,,,ShortDescription,,,,,,,"xs:string","","","The short description for the value taken from the market list."
0,1,,,,Key1,,,,,,,"key","","","A key for indexing a long list."
1,1,,,FirstForename,,,,,,,,"s-40","","First forename","The first forename of an individual."
1,1,,,Surname,,,,,,,,"s-40","","Surname","The surname of an individual."
0,1,,TradingName,,,,,,,,,,"","<Blank>","the name under which the Insured trades."
0,1,,,Name,,,,,,,,"s-630","","Trading name","A name under which a party trades."
1,1,,Address,,,,,,,,,,"","","Address details"
1,1,,,Line1,,,,,,,,"s-40","","Line 1","Address Line 1."
1,1,,,Line2,,,,,,,,"s-40","","Line 2","Address Line 2."
0,1,,,Line3,,,,,,,,"s-40","","Line 3","Address Line 3."
0,1,,,Line4,,,,,,,,"s-40","","Line 4","Address Line 4."
0,1,,,Line5,,,,,,,,"s-40","","Line 5","Address Line 5."
0,1,,,Line6,,,,,,,,"s-40","","Line 6","Address Line 6."
1,1,,,Postcode,,,,,,,,"s-10","","Post code","The postal code for the address."
1,1,,YearsExperience,,,,,,,,,"long","","Number of years experience","The number of years experience the individual has in the stated trade or occupation."
1,1,,YearBusinessEstablished,,,,,,,,,"long","","In what year was the business established? (format CCYY)","The year the business was established (format CCYY)."
1,1,,Declaration,,,,,,,,,,"","Declaration","Contains declarations relevant to the insured."
1,1,,,LossesInd,,,,,,,,,"","Have there been any losses or incidents giving rise to losses in the last 5 years?","Indicates whether or not there has been any losses or incidents giving rise to losses in the last 5 years."
1,1,,,,Value,,,,,,,"xs:boolean","","","A value that represents a true or false response."
0,10,,,Losses,,,,,,,,,"","If yes, please provide details of all losses or incidents","Details of the losses."
0,1,,,,ClaimReportingStatus,,,,,,,,"","Claim Reporting Status","Indicates whether the claim has previously been reported to the insurer (intended for use at Renewal)."
1,1,,,,,Value,,,,,,"xs:string","","","A value from a market list."
0,1,,,,,ShortDescription,,,,,,"xs:string","","","The short description for the value taken from the market list."
0,1,,,,,Key1,,,,,,"key","","","A key for indexing a long list."
1,1,,,,OccurrenceDate,,,,,,,"date","","Occurrence date","The date on which the event relevant to the entry occurred."
1,1,,,,CauseCode,,,,,,,,"","Cause of Loss","The cause of the loss."
1,1,,,,,Value,,,,,,"xs:string","","","A value from a market list."
0,1,,,,,ShortDescription,,,,,,"xs:string","","","The short description for the value taken from the market list."
0,1,,,,,Key1,,,,,,"key","","","A key for indexing a long list."
0,1,,,,MonetaryAmount,,,,,,,,"","<Blank>","Details of monetary amounts associated with the loss."
0,1,,,,,Amount,,,,,,"d-2","","Total Amount (Paid and Outstanding)","The total amount of the claim - including the amount paid and the amount outstanding."
1,1,,,,LossBreakdown,,,,,,,,"","","The cover for the loss."
1,1,,,,,CoverCode,,,,,,,"","Cover type","Identifies the cover applicable."
1,1,,,,,,Value,,,,,"xs:string","","","A value from a market list."
0,1,,,,,,ShortDescription,,,,,"xs:string","","","The short description for the value taken from the market list."
0,1,,,,,,Key1,,,,,"key","","","A key for indexing a long list."
1,1,,,ConvictionsInd,,,,,,,,,"","Has any proposer, director or partner of the Trade or Business or its Subsidiary Companies ever, either personally or in any business capacity, had any convictions or criminal offences which are not spent under the Rehabilitation of Offenders Act or are any prosecutions pending?","Indicates whether any individual covered by or involved with the proposed insurance has any criminal convictions against them or any judgements pending?"
1,1,,,,Value,,,,,,,"xs:boolean","","","A value that represents a true or false response."
1,1,,,BankruptInd,,,,,,,,,"","Has any proposer, director or partner of the Trade or Business or its Subsidiary Companies ever, either personally or in any business capacity been declared bankrupt or insolvent or been the subject of bankruptcy proceedings or insolvency proceedings?","Indicates whether the insured or any partner/director/principal of the company or any business/company in which the insured or any principal has or has had an interest has ever been declared bankrupt/insolvent, or the subject of bankruptcy proceedings."
1,1,,,,Value,,,,,,,"xs:boolean","","","A value that represents a true or false response."
1,1,,,InsuranceInd,,,,,,,,,"","Has any proposer, director or partner of the Trade or Business or its Subsidiary Companies ever, either personally or in any business capacity, had a proposal refused or declined or ever had an insurance cancelled, renewal refused or had special terms imposed?","Indicates adverse features of previous insurance history."
1,1,,,,Value,,,,,,,"xs:boolean","","","A value that represents a true or false response."
1,1,,,BusinessPremisesInd,,,,,,,,,"","Do you have a separate dedicated business premises?","Indicates whether there is a separate dedicated business premises."
1,1,,,,Value,,,,,,,"xs:boolean","","","A value that represents a true or false response."
1,1,,,DischargeOfWasteInd,,,,,,,,,"","Does your work involve any discharge of fumes, effluent or anything of a noxious nature?","Any discharge of fumes, effluent or anything of a noxious nature"
1,1,,,,Value,,,,,,,"xs:boolean","","","A value that represents a true or false response."
1,1,,,HarmfulSubstancesInd,,,,,,,,,"","Does your work involve the use of substances which could be harmful to health?","Indicates whether any substances which could be harmful to health are used."
1,1,,,,Value,,,,,,,"xs:boolean","","","A value that represents a true or false response."
1,7,,Trade,,,,,,,,,,"","","The business or trade of the Insured."
1,1,,,Code,,,,,,,,,"","Type","Specifies the type of activity."
1,1,,,,Value,,,,,,,"xs:string","","","A value from a market list."
0,1,,,,ShortDescription,,,,,,,"xs:string","","","The short description for the value taken from the market list."
0,1,,,,Key1,,,,,,,"key","","","A key for indexing a long list."
1,1,,,MainInd,,,,,,,,,"","Is this the main trade?","Indicates whether this is the main trade of the insured etc."
1,1,,,,Value,,,,,,,"xs:boolean","","","A value that represents a true or false response."
1,1,,,NoOfWorkers,,,,,,,,"long","","Number of workers","The total number of workers associated with this aspect of the business."
0,1,,,TurnoverPercent,,,,,,,,"d-2","","Percentage of turnover (required where more than one trade).","The turnover percentage"
0,15,,,Treatment,,,,,,,,,"","Hair and Beauty Treatment (only applicable to barbers, beauticians and hairdressers)","Details of a treatment carried out in connection with a trade."
1,1,,,,TreatmentCode,,,,,,,,"","Treatment Details","Details of treatments offered or carried out."
1,1,,,,,Value,,,,,,"xs:string","","","A value from a market list."
0,1,,,,,ShortDescription,,,,,,"xs:string","","","The short description for the value taken from the market list."
0,1,,,,,Key1,,,,,,"key","","","A key for indexing a long list."
1,1,,,,NoOfWorkers,,,,,,,"long","","Number of workers performing this treatment","The total number of workers associated with this aspect of the business."
0,1,,GeneralActivity,,,,,,,,,,"","General Activity","Details of activity carried out by the Insured."
0,1,,,DepthLimit,,,,,,,,"long","","The maximum depth (below ground) at which work is undertaken (in metres)","The maximum depth (below ground) at which work is undertaken."
0,1,,,HeightLimit,,,,,,,,"long","","The maximum height at which work is carried out (in metres)","The maximum height at which work is carried out by the insured.  Height in this context means the distance that a member of the workforce could fall, which is not the same necessarily as the height above ground - for example, miners engaged in excavation might be exposed to falling down a shaft."
0,1,,,Phase3ElectricalWorkInd,,,,,,,,,"","Is phase 3 electrical work undertaken?","Indicates whether phase 3 electrical work is undertaken."
1,1,,,,Value,,,,,,,"xs:boolean","","","A value that represents a true or false response."
0,1,,,GasFittingInstallationInd,,,,,,,,,"","Is any gas fitting or installation work undertaken?","Indicates whether any gas fitting or installation work is undertaken."
1,1,,,,Value,,,,,,,"xs:boolean","","","A value that represents a true or false response."
1,1,,Turnover,,,,,,,,,,"","Turnover","Details of the turnover."
1,1,,,TurnoverAmount,,,,,,,,"long","","Annual turnover for the organisation/group","The annual turnover for the organisation/group."
0,1,,,Contract,,,,,,,,,"","<Blank>","Details of a contract"
0,1,,,,MonetaryAmount,,,,,,,,"","<Blank>","Details of a monetary amount associated with the contract."
0,1,,,,,MaxAmount,,,,,,"long","","Maximum value of any one contract (must be completed if Contract Works and/or Professional Indemnity Cover is required)","The maximum value of any one contract (must be completed if Contract Works and/or Professional Indemnity Cover is required)."
0,1,,,Fees,,,,,,,,,"","<Blank>","Details of fees."
0,1,,,,MaxAmount,,,,,,,"long","","The largest single fee from any one client (must be completed if Professional Indemnity Cover is required)","The largest single fee from any one client (must be completed if Professional Indemnity Cover is required)."
0,10,,Subsidiary,,,,,,,,,,"","Subsidiary Company - please give details of all subsidiary companies","Details of all subsidiaries"
1,1,,,SubsidiaryIncludedInd,,,,,,,,,"","Is this subsidiary to be covered under this policy?","Is the subsidiary to be covered under this policy"
1,1,,,,Value,,,,,,,"xs:boolean","","","A value that represents a true or false response."
1,1,,,CompanyName,,,,,,,,"s-630","","Company name","The name of the company or partnership."
1,1,,,PAYEThresholdInd,,,,,,,,,"","Is the subsidiary exempt from holding a HMCE Employers Reference Number (because either all Employees (including labour only sub contractors, trainees, apprentices) are paid below the PAYE threshold, or the subsidiary is not UK based)?","Indicated if all company Employees (including labour only sub contractors, trainees, apprentices) paid below the PAYE threshold?"
1,1,,,,Value,,,,,,,"xs:boolean","","","A value that represents a true or false response."
0,1,,,EmployersRefNo,,,,,,,,"s-25","","Employers Reference Number.","A unique reference number for the employer."
1,1,,,Address,,,,,,,,,"","Address","The address of the subsidiary."
1,1,,,,Line1,,,,,,,"s-40","","Line 1","Address Line 1."
1,1,,,,Line2,,,,,,,"s-40","","Line 2","Address Line 2."
0,1,,,,Line3,,,,,,,"s-40","","Line 3","Address Line 3."
0,1,,,,Line4,,,,,,,"s-40","","Line 4","Address Line 4."
0,1,,,,Line5,,,,,,,"s-40","","Line 5","Address Line 5."
0,1,,,,Line6,,,,,,,"s-40","","Line 6","Address Line 6."
1,1,,,,Postcode,,,,,,,"s-10","","Post code","The postal code for the address."
0,1,Policy,,,,,,,,,,,"","","Details relevant to the policy"
0,1,,PolicyNumber,,,,,,,,,"s-25","","Policy number","A reference which uniquely identifies the policy."
0,1,,QuoteReference,,,,,,,,,"s-30","","The insurer's quotation reference","The insurer's quotation reference."
0,1,,StartDate,,,,,,,,,"date","","The policy inception date or last renewal date if different from transaction start date.","The date the entry is to take effect."
0,1,,StartTime,,,,,,,,,"time","","Policy inception time or last renewal time","The policy inception time or last renewal time"
0,1,,EndDate,,,,,,,,,"date","","Policy end date or last renewal end date","The policy end date or last renewal end date"
0,1,,EndTime,,,,,,,,,"time","","Policy end time or last renewal end time","The policy end time or last renewal end time"
0,1,,TargetPremium,,,,,,,,,"d-2","","Target premium","A premium at which the broker will consider placing a risk."
0,1,,OverrideAuthorisationCode,,,,,,,,,"s-50","","Override authorisation code.","The authorisation identifier issued to the broker by the insurer."
0,1,,OverridePremiumAmount,,,,,,,,,"d-2","","The amount by which the premium has been overridden.","The positive or negative amount by which the total premium is to be adjusted."
0,1,,OverridePremiumPercent,,,,,,,,,"d-2","","The percentage by which the premium has been overridden.","The positive or negative percentage adjustment to the total premium."
0,1,,OverrideCommissionAmount,,,,,,,,,"d-2","","The amount by which the commission has been overridden.","The positive or negative amount by which the commission amount is to be adjusted."
0,1,,OverrideCommissionPercent,,,,,,,,,"d-2","","Override commission percentage.","The commission percentage to be applied."
1,1,Employee,,,,,,,,,,,"","Employees (all those working in the business)","Details of employees and their activities. Includes all those working in the business."
1,1,,NoOfEmployees,,,,,,,,,"long","","How many people altogether work in the business? (Please include all partners, principals, proprietors, directors employees and subcontractors)","The number of people altogether working in the business (including all partners, principals, proprietors, directors employees and subcontractors)"
1,1,,Wages,,,,,,,,,"long","","The estimated wages amount for all employees for the next 12 months","The estimated wages amount for all employees for the next 12 months."
1,25,,EmployeeDetail,,,,,,,,,,"","Employee Detail","Contains details of the employees."
1,1,,,EmploymentTypeCode,,,,,,,,,"","Employment type","The employment status of the individual."
1,1,,,,Value,,,,,,,"xs:string","","","A value from a market list."
0,1,,,,ShortDescription,,,,,,,"xs:string","","","The short description for the value taken from the market list."
0,1,,,,Key1,,,,,,,"key","","","A key for indexing a long list."
1,5,,,GeneralActivity,,,,,,,,,"","Activity","Details of a general activity carried out."
1,1,,,,Code,,,,,,,,"","Type","Specifies the type of activity."
1,1,,,,,Value,,,,,,"xs:string","","","A value from a market list."
0,1,,,,,ShortDescription,,,,,,"xs:string","","","The short description for the value taken from the market list."
0,1,,,,,Key1,,,,,,"key","","","A key for indexing a long list."
1,1,,,,NoOfWorkers,,,,,,,"long","","Number of workers","The total number of workers associated with this aspect of the business."
0,6,Equipment,,,,,,,,,,,"","Details of equipment used","The type of equipment used."
0,1,,TypeCode,,,,,,,,,,"","Type","Identifies the type of item."
1,1,,,Value,,,,,,,,"xs:string","","","A value from a market list."
0,1,,,ShortDescription,,,,,,,,"xs:string","","","The short description for the value taken from the market list."
0,1,,,Key1,,,,,,,,"key","","","A key for indexing a long list."
0,1,ToolCover,,,,,,,,,,,"","","Details of cover in respect of tools."
0,3,,CoverDetail,,,,,,,,,,"","<Blank>","Details of the cover."
1,1,,,SumInsured,,,,,,,,,"","<Blank>","The maximum amount paid in the event of a claim."
1,1,,,,Amount,,,,,,,"long","","Sum insured amount","A monetary amount."
0,1,,,Employee,,,,,,,,,"","Employee type","Details of employees."
1,1,,,,EmploymentTypeCode,,,,,,,,"","Employment type","The employment status of the individual."
1,1,,,,,Value,,,,,,"xs:string","","","A value from a market list."
0,1,,,,,ShortDescription,,,,,,"xs:string","","","The short description for the value taken from the market list."
0,1,,,,,Key1,,,,,,"key","","","A key for indexing a long list."
1,1,,,,NoOfEmployees,,,,,,,"long","","Number of employees","The number of employees."
0,1,,,AdditionalCover,,,,,,,,,"","Additional cover","Details of cover in addition to the main cover."
1,1,,,,Code,,,,,,,,"","Cover type","A coded specification of the cover."
1,1,,,,,Value,,,,,,"xs:string","","","A value from a market list."
0,1,,,,,ShortDescription,,,,,,"xs:string","","","The short description for the value taken from the market list."
0,1,,,,,Key1,,,,,,"key","","","A key for indexing a long list."
1,1,PublicLiabilityCover,,,,,,,,,,,"","Public Liability","Details of public liability cover."
1,1,,CoverDetail,,,,,,,,,,"","<Blank>","Details of cover."
1,1,,,SumInsured,,,,,,,,,"","<Blank>","The maximum amount paid in the event of a claim."
1,1,,,,Amount,,,,,,,"long","","Indemnity limit (1000000, 2000000 or 5000000)","A monetary amount."
0,1,,,Excess,,,,,,,,,"","<Blank>","The amount for which the insured is responsible in respect of a claim."
0,1,,,,Amount,,,,,,,"long","","Additional excess required for third party property damage","The total excess (including any additional excess requested)."
0,1,EmployersLiabilityCover,,,,,,,,,,,"","","Details of employers liability cover."
1,1,,CoverRequiredInd,,,,,,,,,,"","Is this cover required?","Indicates whether the proposer/policyholder requires cover."
1,1,,,Value,,,,,,,,"xs:boolean","","","A value that represents a true or false response."
0,1,BusinessInterruptionCover,,,,,,,,,,,"","","Details of business interruption cover."
0,1,,CoverDetail,,,,,,,,,,"","<Blank>","Details of the cover."
1,1,,,BasisCode,,,,,,,,,"","Cover basis","Identifies the basis on which cover is required/provided."
1,1,,,,Value,,,,,,,"xs:string","","","A value from a market list."
0,1,,,,ShortDescription,,,,,,,"xs:string","","","The short description for the value taken from the market list."
0,1,,,,Key1,,,,,,,"key","","","A key for indexing a long list."
0,1,,,SumInsured,,,,,,,,,"","<Blank>","The maximum amount paid in the event of a claim."
0,1,,,,Amount,,,,,,,"long","","Sum insured amount","A monetary amount."
0,1,,,IndemnityPeriod,,,,,,,,"long","","Indemnity period (in months)","The indemnity period (in months) provided by the cover.  This is used primarily for covers such as Business Interruption (Consequential Loss) where the benefit of the cover will continue for a period of time after the event which caused the loss."
0,20,,,AdditionalCover,,,,,,,,,"","Additional cover(s) required","Details of additional covers."
1,1,,,,Code,,,,,,,,"","Cover type","A coded specification of the cover."
1,1,,,,,Value,,,,,,"xs:string","","","A value from a market list."
0,1,,,,,ShortDescription,,,,,,"xs:string","","","The short description for the value taken from the market list."
0,1,,,,,Key1,,,,,,"key","","","A key for indexing a long list."
0,1,,,,SumInsured,,,,,,,,"","<Blank>","The maximum amount paid in the event of a claim."
0,1,,,,,Amount,,,,,,"long","","Sum insured amount","A monetary amount."
0,1,PersonalAccidentCover,,,,,,,,,,,"","Personal Accident Cover","Details of personal accident cover."
0,4,,CoverDetail,,,,,,,,,,"","Personal Accident Cover","Details of cover."
0,1,,,CapitalBenefit,,,,,,,,,"","<blank>","Details of any capital benefit applicable."
0,1,,,,Amount,,,,,,,"long","","Capital benefit amount","A monetary amount."
0,1,,,GroupDetail,,,,,,,,,"","","Details of a group of individuals to be included in the cover."
0,1,,,,EmploymentTypeCode,,,,,,,,"","Employment type","The employment status of the individual."
1,1,,,,,Value,,,,,,"xs:string","","","A value from a market list."
0,1,,,,,ShortDescription,,,,,,"xs:string","","","The short description for the value taken from the market list."
0,1,,,,,Key1,,,,,,"key","","","A key for indexing a long list."
0,20,,,IndividualDetail,,,,,,,,,"","","Details of an individual."
0,1,,,,IndividualName,,,,,,,,"","Individual name","The name of the party when an individual."
0,1,,,,,TitleCode,,,,,,,"","Title","Identifies the title of an individual."
1,1,,,,,,Value,,,,,"xs:string","","","A value from a market list."
0,1,,,,,,ShortDescription,,,,,"xs:string","","","The short description for the value taken from the market list."
0,1,,,,,,Key1,,,,,"key","","","A key for indexing a long list."
1,1,,,,,FirstForename,,,,,,"s-40","","First forename","The first forename of an individual."
1,1,,,,,Surname,,,,,,"s-40","","Surname","The surname of an individual."
0,1,,,,BirthDate,,,,,,,"date","","Date of birth","The date of birth."
0,1,ContractWorksCover,,,,,,,,,,,"","","Details of Contract Works Cover."
0,1,,CoverDetail,,,,,,,,,,"","<Blank>","Details of cover requested/provided."
1,1,,,SumInsured,,,,,,,,,"","<Blank>","The maximum amount paid in the event of a claim."
1,1,,,,Amount,,,,,,,"long","","Sum insured amount","A monetary amount."
0,1,,,Excess,,,,,,,,,"","<Blank>","The amount for which the insured is responsible in respect of a claim."
0,1,,,,Amount,,,,,,,"long","","Any additional excess required","The total excess (including any additional excess requested)."
0,1,HiredInPlantCover,,,,,,,,,,,"","","Details of Hired In Plant Cover."
0,1,,CoverDetail,,,,,,,,,,"","<Blank>","Details of cover."
1,1,,,SumInsured,,,,,,,,,"","<Blank>","The maximum amount paid in the event of a claim."
1,1,,,,Amount,,,,,,,"long","","Sum insured amount","A monetary amount."
0,1,,,Excess,,,,,,,,,"","<Blank>","The amount for which the insured is responsible in respect of a claim."
0,1,,,,Amount,,,,,,,"long","","Any additional excess required","The total excess (including any additional excess requested)."
1,1,,,HiringCharges,,,,,,,,"long","","Annual hiring charges for hired in plant","The annual hiring charges for hired in plant"
0,1,OwnPlantCover,,,,,,,,,,,"","Own Plant Cover","Details of Own Plant Cover."
0,1,,CoverDetail,,,,,,,,,,"","<Blank>","Details of cover."
1,1,,,SumInsured,,,,,,,,,"","<Blank>","The maximum amount paid in the event of a claim."
1,1,,,,Amount,,,,,,,"long","","Sum insured amount","A monetary amount."
0,1,,,Excess,,,,,,,,,"","<Blank>","The amount for which the insured is responsible in respect of a claim."
0,1,,,,Amount,,,,,,,"long","","Any additional excess required","The total excess (including any additional excess requested)."
1,1,,,Plant,,,,,,,,,"","Plant","Details of plant items."
1,1,,,,Value,,,,,,,"long","","Total market value","The total market value of the plant item(s)."
0,1,ProfessionalIndemnityCover,,,,,,,,,,,"","Professional Indemnity Cover","details of Professional Indemnity Cover."
0,1,,CoverDetail,,,,,,,,,,"","<Blank>","Details of cover required/provided."
1,1,,,SumInsured,,,,,,,,,"","<Blank>","The maximum amount paid in the event of a claim."
1,1,,,,Amount,,,,,,,"long","","Sum insured amount","A monetary amount."
0,1,,,RetroactiveDate,,,,,,,,"date","","The date if cover is required prior to the inception date","The date from which cover is to commence if prior to the inception date."
1,1,,,Declaration,,,,,,,,,"","Declaration","Contains declarations relevant to the cover."
1,1,,,,RelevantQualificationsInd,,,,,,,,"","Does the party hold relevant qualifications for their field?","Indicates whether the party holds relevant qualifications for their field"
1,1,,,,,Value,,,,,,"xs:boolean","","","A value that represents a true or false response."
1,1,,,,DesignUndertakenInd,,,,,,,,"","Do you undertake design work?","Indicates whether design work is undertaken."
1,1,,,,,Value,,,,,,"xs:boolean","","","A value that represents a true or false response."
0,1,,,,Activity,,,,,,,,"","If yes, please provide details of the design work","Details of an activity."
0,1,,,,,Code,,,,,,,"","Type","Specifies the type of activity."
1,1,,,,,,Value,,,,,"xs:string","","","A value from a market list."
0,1,,,,,,ShortDescription,,,,,"xs:string","","","The short description for the value taken from the market list."
0,1,,,,,,Key1,,,,,"key","","","A key for indexing a long list."
1,1,,,,PropertyManagementInd,,,,,,,,"","Do you undertake property management?","Indicates whether property management is undertaken."
1,1,,,,,Value,,,,,,"xs:boolean","","","A value that represents a true or false response."
1,1,,,,TaxationAdviceInd,,,,,,,,"","Do you give any taxation advice?","Indicates whether any taxation advice is given."
1,1,,,,,Value,,,,,,"xs:boolean","","","A value that represents a true or false response."
1,1,,,,YearsExperienceInd,,,,,,,,"","Do one or more Partners, Principals, Directors or Employees have at least 5 years experience in the relevant industry?","Indicates whether one or more Partners, Principals, Directors or Employees have at least 5 years experience in the relevant industry."
1,1,,,,,Value,,,,,,"xs:boolean","","","A value that represents a true or false response."
0,10,,,Accreditation,,,,,,,,,"","Details of qualifications held","Details of qualifications held."
0,1,,,,Code,,,,,,,,"","Type","The type of accreditation."
1,1,,,,,Value,,,,,,"xs:string","","","A value from a market list."
0,1,,,,,ShortDescription,,,,,,"xs:string","","","The short description for the value taken from the market list."
0,1,,,,,Key1,,,,,,"key","","","A key for indexing a long list."
0,1,TravelCover,,,,,,,,,,,"","","Details of travel cover."
0,1,,CoverDetail,,,,,,,,,,"","<blank>","Details of cover."
1,1,,,LocationCode,,,,,,,,,"","Geographical limit (widest applicable)","Identifies the location where the insured wishes the object to be covered.  Note that the actual cover location will be determined by the insurers quotation and may not be as requested."
1,1,,,,Value,,,,,,,"xs:string","","","A value from a market list."
0,1,,,,ShortDescription,,,,,,,"xs:string","","","The short description for the value taken from the market list."
0,1,,,,Key1,,,,,,,"key","","","A key for indexing a long list."
1,1,,,NoOfPersonDays,,,,,,,,"long","","Total annual person days","The number of person days applicable."
0,20,AdditionalCover,,,,,,,,,,,"","","Details of additional cover(s) to the main cover(s) offered."
1,1,,Code,,,,,,,,,,"","Cover type","A coded specification of the cover."
1,1,,,Value,,,,,,,,"xs:string","","","A value from a market list."
0,1,,,ShortDescription,,,,,,,,"xs:string","","","The short description for the value taken from the market list."
0,1,,,Key1,,,,,,,,"key","","","A key for indexing a long list."
0,1,,SumInsured,,,,,,,,,,"","<Blank>","The maximum amount paid in the event of a claim."
0,1,,,Amount,,,,,,,,"long","","Sum insured amount","A monetary amount."
