
PropertyOwnersSmallNBRq
Version 7-1
Report Created 28/7/2011

Min,Max,Level 1,Level 2,Level 3,Level 4,Level 5,Level 6,Level 7,Level 8,Level 9,Level 10,Type,Max Length,Caption,Description
1,1,DateGenerated,,,,,,,,,,"date","","","The date that the entry was generated."
1,1,TimeGenerated,,,,,,,,,,"time","","","The time on the creation date when the entry was generated."
0,1,RespondByDate,,,,,,,,,,"date","","Respond by this date","The date by which a response should be received."
1,1,StartDate,,,,,,,,,,"date","","Cover start date for this transaction","The date the entry is to take effect."
1,1,StartTime,,,,,,,,,,"time","","Cover start time for this transaction","The time the entry is to take effect."
0,1,EndDate,,,,,,,,,,"date","","Cover end date for this transaction","The date the entry is to expire."
0,1,EndTime,,,,,,,,,,"time","","Cover end time for this transaction","The time the entry is to expire."
0,1,AgencyAccountRef,,,,,,,,,,"s-25","","Agency account reference","A reference allocated by the insurer to identify the individual agency account/contract."
0,1,BusinessSource,,,,,,,,,,,"","Business Source","The lead from which the business originated regardless of any interventions that may have taken place."
0,1,,Code,,,,,,,,,,"","Business Source Code","A code to indicate the source of the business"
1,1,,,Value,,,,,,,,"xs:string","","","A value from a market list."
0,1,,,ShortDescription,,,,,,,,"xs:string","","","The short description for the value taken from the market list."
0,1,,,Description,,,,,,,,"string","","Required if Other Aggregator chosen","A description provided by the user which supplements the code value."
0,1,,,Key1,,,,,,,,"key","","","A key for indexing a long list."
0,1,SoftwareHouse,,,,,,,,,,,"","Software House Details (for internal use only)","Details of a software provider (for internal use only)."
0,1,,Code,,,,,,,,,,"","Name","A code to identify a party."
1,1,,,Value,,,,,,,,"xs:string","","","A value from a market list."
0,1,,,ShortDescription,,,,,,,,"xs:string","","","The short description for the value taken from the market list."
0,1,,,Key1,,,,,,,,"key","","","A key for indexing a long list."
1,1,Intermediary,,,,,,,,,,,"","Intermediary","Details of an insurance intermediary."
0,1,,PEMId,,,,,,,,,"s-25","","PEM Id","A code that uniquely identifies a party within PEM."
0,1,,InStepCode,,,,,,,,,"s-6","","","Contains a value from Online Code list 1 (EDI Directory)."
0,1,,CompanyName,,,,,,,,,"s-630","","Company name","The name of the company or partnership."
0,1,,RiskReference,,,,,,,,,"s-50","","Risk reference","The client reference"
0,1,,TransactionReference,,,,,,,,,"s-50","","The reference for this business transaction","The reference for this business transaction"
1,1,,Contact,,,,,,,,,,"","Contact information","Details of a contact at the trading partner."
1,1,,,IndividualName,,,,,,,,,"","Individual name","The name of the party when an individual."
1,1,,,,FirstForename,,,,,,,"s-40","","First forename","The first forename of an individual."
1,1,,,,Surname,,,,,,,"s-40","","Surname","The surname of an individual."
1,1,,,WorkTelephoneNo,,,,,,,,"s-15","","Work telephone number","The telephone number at work."
1,1,,,EmailAddress,,,,,,,,"s-50","","Email address","An email address for the party."
0,1,PriorInsurer,,,,,,,,,,,"","Current/previous insurer","The insurer who currently holds, or last held, the risk."
0,1,,Code,,,,,,,,,,"","Company","A code to identify a party."
1,1,,,Value,,,,,,,,"xs:string","","","A value from a market list."
0,1,,,ShortDescription,,,,,,,,"xs:string","","","The short description for the value taken from the market list."
0,1,,,Description,,,,,,,,"string","630","Additional information, if required","A description provided by the user which supplements the code value."
0,1,,,Key1,,,,,,,,"key","","","A key for indexing a long list."
1,1,Insured,,,,,,,,,,,"","","Details of the proposer/policyholder."
0,1,,CompanyStatusCode,,,,,,,,,,"","Company status","Indicates the type of company."
1,1,,,Value,,,,,,,,"xs:string","","","A value from a market list."
0,1,,,ShortDescription,,,,,,,,"xs:string","","","The short description for the value taken from the market list."
0,1,,,Key1,,,,,,,,"key","","","A key for indexing a long list."
0,1,,CompanyName,,,,,,,,,"s-630","","The trading name for a sole proprietor company, the partnership trading name or the limited company name.","The name of the company or partnership"
1,1,,PAYEThresholdInd,,,,,,,,,,"","Are all your Employees (including labour only sub contractors, trainees, apprentices) paid below the PAYE threshold?","Indicated if all company Employees (including labour only sub contractors, trainees, apprentices) paid below the PAYE threshold?"
1,1,,,Value,,,,,,,,"xs:boolean","","","A value that represents a true or false response."
0,1,,EmployersRefNo,,,,,,,,,"s-25","","Employers Reference Number.","A unique reference number for the employer."
0,5,,IndividualName,,,,,,,,,,"","Partners name, or individual's name if trading as a sole proprietor or an individual.","The name of the party when an individual."
0,1,,,TitleCode,,,,,,,,,"","Title","Identifies the title of an individual."
1,1,,,,Value,,,,,,,"xs:string","","","A value from a market list."
0,1,,,,ShortDescription,,,,,,,"xs:string","","","The short description for the value taken from the market list."
0,1,,,,Key1,,,,,,,"key","","","A key for indexing a long list."
1,1,,,FirstForename,,,,,,,,"s-40","","First forename","The first forename of an individual."
1,1,,,Surname,,,,,,,,"s-40","","Surname","The surname of an individual."
0,1,,Address,,,,,,,,,,"","","Address details"
1,1,,,Line1,,,,,,,,"s-40","","Line 1","Address Line 1."
1,1,,,Line2,,,,,,,,"s-40","","Line 2","Address Line 2."
0,1,,,Line3,,,,,,,,"s-40","","Line 3","Address Line 3."
0,1,,,Line4,,,,,,,,"s-40","","Line 4","Address Line 4."
0,1,,,Line5,,,,,,,,"s-40","","Line 5","Address Line 5."
0,1,,,Line6,,,,,,,,"s-40","","Line 6","Address Line 6."
1,1,,,Postcode,,,,,,,,"s-10","","Post code","The postal code for the address."
1,1,,Trade,,,,,,,,,,"","","The business or trade of the Insured."
1,1,,,Code,,,,,,,,,"","Type","Specifies the type of activity."
1,1,,,,Value,,,,,,,"xs:string","","","A value from a market list."
0,1,,,,ShortDescription,,,,,,,"xs:string","","","The short description for the value taken from the market list."
0,1,,,,Key1,,,,,,,"key","","","A key for indexing a long list."
0,1,,TradingName,,,,,,,,,,"","<blank>","the name under which the Insured trades."
0,1,,,Name,,,,,,,,"s-630","","The trading name","A name under which a party trades."
1,1,,YearBusinessEstablished,,,,,,,,,"long","","In what year was the business established? (format CCYY)","The year the business was established (format CCYY)."
1,1,,Declaration,,,,,,,,,,"","","Declaration with further detail as required."
1,1,,,LossesInd,,,,,,,,,"","Have there been any losses or incidents giving rise to losses in the last 5 years?","Indicates whether or not there has been any losses or incidents giving rise to losses in the last 5 years."
1,1,,,,Value,,,,,,,"xs:boolean","","","A value that represents a true or false response."
0,10,,,Losses,,,,,,,,,"","If yes, please provide details of the loss(es)","Details of the losses."
0,1,,,,ClaimReportingStatus,,,,,,,,"","Claim Reporting Status","Indicates whether the claim has previously been reported to the insurer (intended for use at Renewal)."
1,1,,,,,Value,,,,,,"xs:string","","","A value from a market list."
0,1,,,,,ShortDescription,,,,,,"xs:string","","","The short description for the value taken from the market list."
0,1,,,,,Key1,,,,,,"key","","","A key for indexing a long list."
1,1,,,,OccurrenceDate,,,,,,,"date","","Occurrence date","The date on which the event relevant to the entry occurred."
1,1,,,,CauseCode,,,,,,,,"","Cause of Loss","The cause of the loss."
1,1,,,,,Value,,,,,,"xs:string","","","A value from a market list."
0,1,,,,,ShortDescription,,,,,,"xs:string","","","The short description for the value taken from the market list."
0,1,,,,,Key1,,,,,,"key","","","A key for indexing a long list."
0,1,,,,MonetaryAmount,,,,,,,,"","<Blank>","Details of monetary amounts associated with the loss."
0,1,,,,,Amount,,,,,,"d-2","","Total amount of claim (including the amounts paid and outstanding)","The total amount of the claim - including the amount paid and the amount outstanding."
0,1,,,,Premises,,,,,,,,"","Details of the premises where the loss occurred","Details of the premises/location where the loss took place."
0,1,,,,,Id,,,,,,"s-25","","A unique identifier for the premises where the loss occurred (if applicable)","A unique identifier for the premises."
0,1,,,,,Address,,,,,,,"","<Blank>","The address of the premises."
1,1,,,,,,Postcode,,,,,"s-10","","Post code of the premises where the loss occurred (if applicable)","The postal code for the address."
1,1,,,,LossBreakdown,,,,,,,,"","<Blank>","The cover for the loss."
1,1,,,,,CoverCode,,,,,,,"","Applicable Cover","Identifies the cover applicable."
1,1,,,,,,Value,,,,,"xs:string","","Value","A value from a market list."
0,1,,,,,,ShortDescription,,,,,"xs:string","","Short description","The short description for the value taken from the market list."
0,1,,,,,,Key1,,,,,"key","","","A key for indexing a long list."
1,1,,,ConvictionsInd,,,,,,,,,"","Has any proposer, director or partner of the Trade or Business or its Subsidiary Companies ever, either personally or in any business capacity had any convictions, criminal offences or prosecutions pending other than motor offences?","Indicates whether any individual covered by or involved with the proposed insurance has any criminal convictions against them or any judgements pending?"
1,1,,,,Value,,,,,,,"xs:boolean","","","A value that represents a true or false response."
1,1,,,BankruptInd,,,,,,,,,"","Has any proposer, director or partner of the Trade or Business or its Subsidiary Companies ever, either personally or in any business capacity been declared bankrupt or insolvent or been the subject of bankruptcy proceedings or insolvency proceedings?","Indicates whether the insured or any partner/director/principal of the company or any business/company in which the insured or any principal has or has had an interest has ever been declared bankrupt/insolvent, or the subject of bankruptcy proceedings."
1,1,,,,Value,,,,,,,"xs:boolean","","","A value that represents a true or false response."
1,1,,,InsuranceInd,,,,,,,,,"","Has any proposer, director or partner of the Trade or Business or its Subsidiary Companies ever, either personally or in any business capacity, had a proposal refused or declined or ever had an insurance cancelled, renewal refused or had special terms imposed?","Indicates adverse features of previous insurance history."
1,1,,,,Value,,,,,,,"xs:boolean","","","A value that represents a true or false response."
1,1,,,PreviouslyInsuredInd,,,,,,,,,"","Is insurance for the risk or a similar risk currently (or has previously been) held by the insured?","Indicates whether or not insurance for the risk or a similar risk is or has been held by the insured.  If the answer to this question is yes, then the Insurance History should be completed."
1,1,,,,Value,,,,,,,"xs:boolean","","","A value that represents a true or false response."
1,1,,,RegulatoryReformInd,,,,,,,,,"","Does the business comply with the requirements of the Regulatory Reform (Fire Safety) Order 2005 or the equivalent legislation in Scotland and Northern Ireland?","Indicates whether or not the business complies with Regulatory Reform (Fire Safety) Order 2005 or the equivalent legislation in Scotland and Northern Ireland."
1,1,,,,Value,,,,,,,"xs:boolean","","","A value that represents a true or false response."
0,10,,Subsidiary,,,,,,,,,,"","Subsidiary Company - please give details of all subsidiary companies to be included in this contract of insurance","Details of all subsidiaries"
1,1,,,SubsidiaryIncludedInd,,,,,,,,,"","Is this subsidiary to be covered under this policy?","Is the subsidiary to be covered under this policy"
1,1,,,,Value,,,,,,,"xs:boolean","","","A value that represents a true or false response."
1,1,,,CompanyName,,,,,,,,"s-630","","Company name","The name of the company or partnership."
1,1,,,Address,,,,,,,,,"","Address","The address of the subsidiary."
1,1,,,,Line1,,,,,,,"s-40","","Line 1","Address Line 1."
1,1,,,,Line2,,,,,,,"s-40","","Line 2","Address Line 2."
0,1,,,,Line3,,,,,,,"s-40","","Line 3","Address Line 3."
0,1,,,,Line4,,,,,,,"s-40","","Line 4","Address Line 4."
0,1,,,,Line5,,,,,,,"s-40","","Line 5","Address Line 5."
0,1,,,,Line6,,,,,,,"s-40","","Line 6","Address Line 6."
1,1,,,,Postcode,,,,,,,"s-10","","Post code","The postal code for the address."
1,1,,,PAYEThresholdInd,,,,,,,,,"","Is the subsidiary exempt from holding a HMCE Employers Reference Number (because either all Employees (including labour only sub contractors, trainees, apprentices) are paid below the PAYE threshold, or the subsidiary is not UK based)?","Indicated if all company Employees (including labour only sub contractors, trainees, apprentices) paid below the PAYE threshold?"
1,1,,,,Value,,,,,,,"xs:boolean","","","A value that represents a true or false response."
0,1,,,EmployersRefNo,,,,,,,,"s-25","","Employers Reference Number.","A unique reference number for the employer."
0,1,Policy,,,,,,,,,,,"","<Blank>","Details of the policy."
0,1,,PolicyNumber,,,,,,,,,"s-25","","Policy number","A reference which uniquely identifies the policy."
0,1,,QuoteReference,,,,,,,,,"s-30","","The insurer's quotation reference","The insurer's quotation reference."
0,1,,StartDate,,,,,,,,,"date","","The policy inception date or last renewal date if different from transaction start date.","The date the entry is to take effect."
0,1,,StartTime,,,,,,,,,"time","","Policy inception time or last renewal time","The policy inception time or last renewal time"
0,1,,EndDate,,,,,,,,,"date","","Policy end date or last renewal end date","The policy end date or last renewal end date"
0,1,,EndTime,,,,,,,,,"time","","Policy end time or last renewal end time","The policy end time or last renewal end time"
0,1,,TargetPremium,,,,,,,,,"d-2","","Target premium","A premium at which the broker will consider placing a risk."
0,1,,OverrideAuthorisationCode,,,,,,,,,"s-50","","Override authorisation code.","The authorisation identifier issued to the broker by the insurer."
0,1,,OverridePremiumAmount,,,,,,,,,"d-2","","The amount by which the premium has been overridden.","The positive or negative amount by which the total premium is to be adjusted."
0,1,,OverridePremiumPercent,,,,,,,,,"d-2","","The percentage by which the premium has been overridden.","The positive or negative percentage adjustment to the total premium."
0,1,,OverrideCommissionAmount,,,,,,,,,"d-2","","The amount by which the commission has been overridden.","The positive or negative amount by which the commission amount is to be adjusted."
0,1,,OverrideCommissionPercent,,,,,,,,,"d-2","","Override commission percentage.","The commission percentage to be applied."
1,150,Premises,,,,,,,,,,,"","","Details of the premises"
0,1,,Id,,,,,,,,,"s-25","","A unique identifier for the premises","A unique identifier for the premises"
0,1,,Address,,,,,,,,,,"","","The address of the premises."
1,1,,,Line1,,,,,,,,"s-40","","Line 1","Address Line 1."
1,1,,,Line2,,,,,,,,"s-40","","Line 2","Address Line 2."
0,1,,,Line3,,,,,,,,"s-40","","Line 3","Address Line 3."
0,1,,,Line4,,,,,,,,"s-40","","Line 4","Address Line 4."
0,1,,,Line5,,,,,,,,"s-40","","Line 5","Address Line 5."
0,1,,,Line6,,,,,,,,"s-40","","Line 6","Address Line 6."
1,1,,,Postcode,,,,,,,,"s-10","","Post code","The postal code for the address."
1,1,,TypeCode,,,,,,,,,,"","Type","Identifies the type of premises."
1,1,,,Value,,,,,,,,"xs:string","","","A value from a market list."
0,1,,,ShortDescription,,,,,,,,"xs:string","","","The short description for the value taken from the market list."
0,1,,,Key1,,,,,,,,"key","","","A key for indexing a long list."
0,3,,Location,,,,,,,,,,"","","The location of the premises."
0,1,,,Code,,,,,,,,,"","Location","Identifies a location."
1,1,,,,Value,,,,,,,"xs:string","","","A value from a market list."
0,1,,,,ShortDescription,,,,,,,"xs:string","","","The short description for the value taken from the market list."
0,1,,,,Key1,,,,,,,"key","","","A key for indexing a long list."
0,1,,NoOfFlats,,,,,,,,,"long","","No of flats or units contained in this premises - mandatory if the premises contains flats","If the property is a block of flats, the number of flats"
1,1,,YearBuilt,,,,,,,,,"long","","Year built","The year built."
1,1,,PurchaseDate,,,,,,,,,"date","","Purchase date","The date purchased."
1,1,,UnusedPercent,,,,,,,,,"d-2","","Percentage of the premises that are unused, unfurnished or unoccupied (zero to be entered if premises are fully occupied)","Identifies the percentage of the premises that is unoccupied if other than fully occupied."
1,1,,RepairingLeaseInd,,,,,,,,,,"","Does the premises have a full repairing lease?","Indicates whether the premises has a full repairing lease."
1,1,,,Value,,,,,,,,"xs:boolean","","","A value that represents a true or false response."
1,1,,StandardConstructionInd,,,,,,,,,,"","Are the walls built only of brick, stone or concrete and roofed only with slates, tiles or concrete?","Indicates whether the premises are of standard construction."
1,1,,,Value,,,,,,,,"xs:boolean","","","A value that represents a true or false response."
0,5,,WallConstruction,,,,,,,,,,"","Wall materials if not built only of brick, stone or concrete","Wall materials if not built only of brick, stone or concrete."
1,1,,,Code,,,,,,,,,"","Material type","Identifies the nature of the building's construction."
1,1,,,,Value,,,,,,,"xs:string","","","A value from a market list."
0,1,,,,ShortDescription,,,,,,,"xs:string","","","The short description for the value taken from the market list."
0,1,,,,Key1,,,,,,,"key","","","A key for indexing a long list."
1,1,,,Percent,,,,,,,,"decimal","","Per cent","Defines the percentage of the part of the premises specified which is of the given construction type."
0,5,,RoofConstruction,,,,,,,,,,"","Roof materials if not roofed only with slates, tiles or concrete","Roof materials if not roofed only with slates, tiles or concrete."
1,1,,,Code,,,,,,,,,"","Material type","Identifies the nature of the building's construction."
1,1,,,,Value,,,,,,,"xs:string","","","A value from a market list."
0,1,,,,ShortDescription,,,,,,,"xs:string","","","The short description for the value taken from the market list."
0,1,,,,Key1,,,,,,,"key","","","A key for indexing a long list."
1,1,,,Percent,,,,,,,,"decimal","","Per cent","Defines the percentage of the part of the premises specified which is of the given construction type."
1,1,,ConcreteFloorConstruction,,,,,,,,,,"","<Blank>","Details of concrete floors in the premises."
1,1,,,NoOfStoreys,,,,,,,,"long","","Number of concrete floors (zero to be entered if there are no concrete floors)","The number of storeys of the building of the specified construction type - for buildings where, for example, the floor at ground level is concrete but on other storeys it is timber."
1,1,,WoodenFloorConstruction,,,,,,,,,,"","<Blank>","Details of wooden floors in the premises."
1,1,,,NoOfStoreys,,,,,,,,"long","","Number of wooden floors (zero to be entered if there are no wooden floors)","The number of storeys of the building of the specified construction type - for buildings where, for example, the floor at ground level is concrete but on other storeys it is timber."
1,1,,SubsidenceInd,,,,,,,,,,"","Has the property or adjacent property suffered from, or do they show any visible signs of damage from subsidence, landslip or ground heave?","Indicates whether a property is suffering or has suffered from subsidence or heave."
1,1,,,Value,,,,,,,,"xs:boolean","","","A value that represents a true or false response."
1,1,,FloodingHistoryInd,,,,,,,,,,"","Are the premises in an area with a history of flooding?","Indicates that the premises are situated in an area with a history of flooding."
1,1,,,Value,,,,,,,,"xs:boolean","","","A value that represents a true or false response."
1,1,,ElectricalInspInd,,,,,,,,,,"","Has the electrical installation been inspected during the last 5 years?","Indicates whether the electrical installation has been inspected during the period specified."
1,1,,,Value,,,,,,,,"xs:boolean","","","A value that represents a true or false response."
1,1,,IEECertificateInd,,,,,,,,,,"","Does the premises have a current IEE electrical certificate?","Indicates whether a premises has a current IEE electrical certificate."
1,1,,,Value,,,,,,,,"xs:boolean","","","A value that represents a true or false response."
1,1,,BuildingMaintenanceProgrammeInd,,,,,,,,,,"","Is there a planned building maintenance programme in place?","Indicates whether a planned building maintenance programme is in place."
1,1,,,Value,,,,,,,,"xs:boolean","","","A value that represents a true or false response."
1,1,,ATMInd,,,,,,,,,,"","Is an ATM on the premises?","Indicates whether an Automatic Teller Machine is installed at the premises."
1,1,,,Value,,,,,,,,"xs:boolean","","","A value that represents a true or false response."
0,1,,IntruderAlarm,,,,,,,,,,"","","Details of an intruder alarm installed at the premises."
1,1,,,PresentInd,,,,,,,,,"","Present?","Indicates that an intruder alarm is present"
1,1,,,,Value,,,,,,,"xs:boolean","","","A value that represents a true or false response."
0,1,,Sprinkler,,,,,,,,,,"","Sprinkler","Details of a sprinkler system."
1,1,,,PresentInd,,,,,,,,,"","Is there a sprinkler present?","Indicates that the item is present"
1,1,,,,Value,,,,,,,"xs:boolean","","","A value that represents a true or false response."
0,1,,,SprinklerDetail,,,,,,,,,"","Sprinkler Detail","Details of the sprinkler system, accreditation and area covered."
1,1,,,,SupplyTypeCode,,,,,,,,"","Supply type","Identifies the type of supply."
1,1,,,,,Value,,,,,,"xs:string","","","A value from a market list."
0,1,,,,,ShortDescription,,,,,,"xs:string","","","The short description for the value taken from the market list."
0,1,,,,,Key1,,,,,,"key","","","A key for indexing a long list."
1,1,,,,LPCBMaintainedInd,,,,,,,,"","LPCB maintained?","Is the sprinkler maintained by LPCB approved company"
1,1,,,,,Value,,,,,,"xs:boolean","","","A value that represents a true or false response."
0,1,,,,Accreditation,,,,,,,,"","Accreditation","Details of the accreditation of the sprinkler system."
0,1,,,,,Code,,,,,,,"","Type","The type of accreditation."
1,1,,,,,,Value,,,,,"xs:string","","","A value from a market list."
0,1,,,,,,ShortDescription,,,,,"xs:string","","","The short description for the value taken from the market list."
0,1,,,,,,Key1,,,,,"key","","","A key for indexing a long list."
1,5,,Security,,,,,,,,,,"","Additional security in place at the location","Details of general security in addition to an intruder alarm."
1,1,,,Code,,,,,,,,,"","Type","Identifies the protections that are afforded to a specified location."
1,1,,,,Value,,,,,,,"xs:string","","","A value from a market list."
0,1,,,,ShortDescription,,,,,,,"xs:string","","","The short description for the value taken from the market list."
0,1,,,,Key1,,,,,,,"key","","","A key for indexing a long list."
0,1,,AccessControlCode,,,,,,,,,,"","Access control within business hours","Identifies the type of access control system installed."
1,1,,,Value,,,,,,,,"xs:string","","","A value from a market list."
0,1,,,ShortDescription,,,,,,,,"xs:string","","","The short description for the value taken from the market list."
0,1,,,Key1,,,,,,,,"key","","","A key for indexing a long list."
0,2,,Interest,,,,,,,,,,"","Details of any party with an interest in the premises","Details of an interest in the property, normally a financial interest."
0,1,,,InterestedPartyName,,,,,,,,"s-630","","Interested party name","Contains the name of the interested party."
0,1,,,InterestedPartyAddress,,,,,,,,,"","Interested party address","Contains the address of the interested party."
1,1,,,,Line1,,,,,,,"s-40","","Line 1","Address Line 1."
1,1,,,,Line2,,,,,,,"s-40","","Line 2","Address Line 2."
0,1,,,,Line3,,,,,,,"s-40","","Line 3","Address Line 3."
0,1,,,,Line4,,,,,,,"s-40","","Line 4","Address Line 4."
0,1,,,,Line5,,,,,,,"s-40","","Line 5","Address Line 5."
0,1,,,,Line6,,,,,,,"s-40","","Line 6","Address Line 6."
1,1,,,,Postcode,,,,,,,"s-10","","Post code","The postal code for the address."
1,3,,HeatingDetail,,,,,,,,,,"","Method of heating","Details of heating."
1,1,,,TypeCode,,,,,,,,,"","Type","Identifies the type of item."
1,1,,,,Value,,,,,,,"xs:string","","","A value from a market list."
0,1,,,,ShortDescription,,,,,,,"xs:string","","","The short description for the value taken from the market list."
0,1,,,,Key1,,,,,,,"key","","","A key for indexing a long list."
0,1,,,FuelTypeCode,,,,,,,,,"","Fuel type","The type of fuel used.  The type of fuel will vary depending upon the context, but include: petrol, diesel, natural gas, coal, electricity."
1,1,,,,Value,,,,,,,"xs:string","","","A value from a market list."
0,1,,,,ShortDescription,,,,,,,"xs:string","","","The short description for the value taken from the market list."
0,1,,,,Key1,,,,,,,"key","","","A key for indexing a long list."
0,1,,Occupant,,,,,,,,,,"","","Details of an occupant of the premises."
0,10,,,Residential,,,,,,,,,"","","Details of occupants of a residential property."
1,1,,,,TypeCode,,,,,,,,"","Type of residential occupant","A code which indicates the type of resident accommodated in the premises."
1,1,,,,,Value,,,,,,"xs:string","","","A value from a market list."
0,1,,,,,ShortDescription,,,,,,"xs:string","","","The short description for the value taken from the market list."
0,1,,,,,Key1,,,,,,"key","","","A key for indexing a long list."
0,1,,,,NoOfResidents,,,,,,,"long","","The number of tenancy agreements held for this type of resident","The number of tenancy agreements held for this type of resident."
0,1,,,,Percentage,,,,,,,"d-2","","The percentage of the premises occupied by residential occupants of this type","The ratio of this type of resident to the total number of residents expressed as a percentage."
0,10,,,Commercial,,,,,,,,,"","","Details of occupants of a commercial property."
1,1,,,,TypeCode,,,,,,,,"","Trade of commercial resident","A code which indicates the type of resident accommodated in the premises."
1,1,,,,,Value,,,,,,"xs:string","","","A value from a market list."
0,1,,,,,ShortDescription,,,,,,"xs:string","","","The short description for the value taken from the market list."
0,1,,,,,Key1,,,,,,"key","","","A key for indexing a long list."
0,1,,,,NoOfResidents,,,,,,,"long","","The number of tenancy agreements held for this type of resident","The number of tenancy agreements held for this type of resident."
0,1,,,,Percentage,,,,,,,"d-2","","The percentage of the premises occupied by commercial occupants of this trade","The ratio of this type of resident to the total number of resdients expressed as a percentage."
0,1,,ManagingAgent,,,,,,,,,,"","Managing agent","Details of an organisation responsible for managing the property."
0,1,,,CompanyName,,,,,,,,"s-630","","Company name","The name of the company or partnership."
0,5,,TenantName,,,,,,,,,"s-630","","Tenant Name","Details of any tenants in the property."
1,1,,BuildingsCover,,,,,,,,,,"","","Details of cover in respect of a building."
1,1,,,Buildings,,,,,,,,,"","Buildings","Cover in respect of damage to the buildings."
1,1,,,,CoverDetail,,,,,,,,"","Buildings cover","Details of cover."
1,5,,,,,Perils,,,,,,,"","Perils","Perils for which cover is required/provided.."
1,1,,,,,,Code,,,,,,"","<Blank>","A coded specification of the cover."
1,1,,,,,,,Value,,,,"xs:string","","","A value from a market list."
0,1,,,,,,,ShortDescription,,,,"xs:string","","","The short description for the value taken from the market list."
0,1,,,,,,,Key1,,,,"key","","","A key for indexing a long list."
0,1,,,,,AdjustmentMethodCode,,,,,,,"","Adjustment method","Identifies the method by which adjustments to the sum insured will be made."
1,1,,,,,,Value,,,,,"xs:string","","","A value from a market list."
0,1,,,,,,ShortDescription,,,,,"xs:string","","","The short description for the value taken from the market list."
0,1,,,,,,Key1,,,,,"key","","","A key for indexing a long list."
0,1,,,,,DayOnePercent,,,,,,"decimal","","Day one percent","The cover amount expressed as a day one percentage uplift."
1,1,,,,,SumInsured,,,,,,,"","<Blank>","The maximum amount paid in the event of a claim."
1,1,,,,,,Amount,,,,,"long","","Sum insured amount","A monetary amount."
0,1,,,,,Excess,,,,,,,"","<Blank>","The amount for which the insured is responsible in respect of a claim."
0,1,,,,,,Amount,,,,,"long","","Excess amount","A monetary amount."
0,20,,,AdditionalCover,,,,,,,,,"","Additional Cover","Cover(s) in addition to the main cover applicable."
1,1,,,,Code,,,,,,,,"","Cover type","A coded specification of the cover."
1,1,,,,,Value,,,,,,"xs:string","","","A value from a market list."
0,1,,,,,ShortDescription,,,,,,"xs:string","","","The short description for the value taken from the market list."
0,1,,,,,Key1,,,,,,"key","","","A key for indexing a long list."
1,1,,,,SumInsured,,,,,,,,"","<Blank>","The maximum amount paid in the event of a claim."
1,1,,,,,Amount,,,,,,"long","","Sum insured amount","A monetary amount."
0,1,,ContentsCover,,,,,,,,,,"","","Details of cover in respect of contents."
0,1,,,CoverDetail,,,,,,,,,"","","Details of cover."
1,25,,,,SpecifiedItem,,,,,,,,"","","Details of specific items."
1,1,,,,,TypeCode,,,,,,,"","Type","Identifies the type of specified item."
1,1,,,,,,Value,,,,,"xs:string","","","A value from a market list."
0,1,,,,,,ShortDescription,,,,,"xs:string","","","The short description for the value taken from the market list."
0,1,,,,,,Key1,,,,,"key","","","A key for indexing a long list."
1,1,,,,,SumInsured,,,,,,,"","<Blank>","The maximum amount paid in the event of a claim."
1,1,,,,,,Amount,,,,,"long","","Sum insured amount","A monetary amount."
0,1,,,,Excess,,,,,,,,"","<Blank>","The amount for which the insured is responsible in respect of a claim."
0,1,,,,,Amount,,,,,,"long","","Excess amount","A monetary amount."
0,1,,BusinessInterruptionCover,,,,,,,,,,"","","Details of business interruption cover."
0,1,,,CoverDetail,,,,,,,,,"","<Blank>","Details of the cover."
1,1,,,,BasisCode,,,,,,,,"","Cover basis","Identifies the basis on which cover is required/provided."
1,1,,,,,Value,,,,,,"xs:string","","","A value from a market list."
0,1,,,,,ShortDescription,,,,,,"xs:string","","","The short description for the value taken from the market list."
0,1,,,,,Key1,,,,,,"key","","","A key for indexing a long list."
1,1,,,,IndemnityPeriod,,,,,,,"long","","Indemnity period (in months)","The indemnity period (in months) provided by the cover.  This is used primarily for covers such as Business Interruption (Consequential Loss) where the benefit of the cover will continue for a period of time after the event which caused the loss."
1,1,,,,SumInsured,,,,,,,,"","<Blank>","The maximum amount paid in the event of a claim."
1,1,,,,,Amount,,,,,,"long","","Sum insured amount","A monetary amount."
0,20,,,AdditionalCover,,,,,,,,,"","","Cover requested/provided in addition to the standard cover."
1,1,,,,Code,,,,,,,,"","Cover type","A coded specification of the cover."
1,1,,,,,Value,,,,,,"xs:string","","","A value from a market list."
0,1,,,,,ShortDescription,,,,,,"xs:string","","","The short description for the value taken from the market list."
0,1,,,,,Key1,,,,,,"key","","","A key for indexing a long list."
1,1,,,,SumInsured,,,,,,,,"","<Blank>","The maximum amount paid in the event of a claim."
1,1,,,,,Amount,,,,,,"long","","Sum insured amount","A monetary amount."
0,1,LiabilityGeneral,,,,,,,,,,,"","","General information in respect of liability cover."
1,10,,Employee,,,,,,,,,,"","","Details of employees and their activities."
1,1,,,EmploymentTypeCode,,,,,,,,,"","Employment type","The employment status of the individual."
1,1,,,,Value,,,,,,,"xs:string","","","A value from a market list."
0,1,,,,ShortDescription,,,,,,,"xs:string","","","The short description for the value taken from the market list."
0,1,,,,Key1,,,,,,,"key","","","A key for indexing a long list."
1,1,,,NoOfEmployees,,,,,,,,"long","","Number of employees of this type","The number of employees."
1,1,,,Wages,,,,,,,,"long","","Total annual wages for this type of employee","The estimated wages amount for all employees for the next 12 months."
1,1,,,GeneralActivity,,,,,,,,,"","<Blank>","Details of a general activity carried out."
1,1,,,,WorkingWithHeatInd,,,,,,,,"","Does any employee work with heat or fire?","Indicates whether any employee works with heat or fire."
1,1,,,,,Value,,,,,,"xs:boolean","","","A value that represents a true or false response."
0,1,PropertyOwnersLiabilityCover,,,,,,,,,,,"","Property Owners Liability Cover","Details of cover specific to property owners."
0,1,,CoverDetail,,,,,,,,,,"","<Blank>","Details of cover."
1,1,,,SumInsured,,,,,,,,,"","<Blank>","The maximum amount paid in the event of a claim."
1,1,,,,Amount,,,,,,,"long","","Indemnity limit amount - Please input the full amount, eg 1000000","A monetary amount."
0,1,EmployersLiabilityCover,,,,,,,,,,,"","Employers Liability Cover","Details of employers liability cover."
0,1,,CoverDetail,,,,,,,,,,"","<Blank>","Details of cover."
1,1,,,SumInsured,,,,,,,,,"","<Blank>","The maximum amount paid in the event of a claim."
1,1,,,,Amount,,,,,,,"long","","Indemnity limit amount - Please input the full amount, eg 1000000","A monetary amount."
0,1,TerrorismCover,,,,,,,,,,,"","","Details of cover against terrorism risks."
1,1,,CoverRequiredInd,,,,,,,,,,"","Is this cover required?","Indicates whether the proposer/policyholder requires cover."
1,1,,,Value,,,,,,,,"xs:boolean","","","A value that represents a true or false response."
0,20,OtherCover,,,,,,,,,,,"","","Details of additional cover requested/provided."
1,1,,Code,,,,,,,,,,"","Cover type","A coded specification of the cover."
1,1,,,Value,,,,,,,,"xs:string","","","A value from a market list."
0,1,,,ShortDescription,,,,,,,,"xs:string","","","The short description for the value taken from the market list."
0,1,,,Key1,,,,,,,,"key","","","A key for indexing a long list."
0,1,,SumInsured,,,,,,,,,,"","<Blank>","The maximum amount paid in the event of a claim."
0,1,,,Amount,,,,,,,,"long","","Sum insured amount","A monetary amount."
