
ShopPackageQuoteMTARq
Version 2-1
Report Created 1/8/2011

Min,Max,Level 1,Level 2,Level 3,Level 4,Level 5,Level 6,Level 7,Level 8,Level 9,Level 10,Type,Max Length,Caption,Description
1,1,DateGenerated,,,,,,,,,,"date","","","The date that the entry was generated."
1,1,TimeGenerated,,,,,,,,,,"time","","","The time on the creation date when the entry was generated."
1,1,StartDate,,,,,,,,,,"date","","Cover start date for this transaction","The date the entry is to take effect."
1,1,StartTime,,,,,,,,,,"time","","Cover start time for this transaction","The time the entry is to take effect."
0,1,EndDate,,,,,,,,,,"date","","Cover end date for this transaction","The date the entry is to expire."
0,1,EndTime,,,,,,,,,,"time","","Cover end time for this transaction","The time the entry is to expire."
0,1,AgencyAccountRef,,,,,,,,,,"s-25","","Agency account reference","A reference allocated by the insurer to identify the individual agency account/contract."
0,1,BusinessSource,,,,,,,,,,,"","Business Source","The lead from which the business originated regardless of any interventions that may have taken place."
0,1,,Code,,,,,,,,,,"","Business Source Code","Identifies the lead from which this business was sourced"
1,1,,,Value,,,,,,,,"xs:string","","","A value from a market list."
0,1,,,ShortDescription,,,,,,,,"xs:string","","","The short description for the value taken from the market list."
0,1,,,Description,,,,,,,,"string","","Required if Other Aggregator chosen","A description provided by the user which supplements the code value."
0,1,,,Key1,,,,,,,,"key","","","A key for indexing a long list."
0,1,SoftwareHouse,,,,,,,,,,,"","Software House Details (for internal use only)","Details of a software provider (for internal use only)."
0,1,,Code,,,,,,,,,,"","Name","A code to identify a party."
1,1,,,Value,,,,,,,,"xs:string","","","A value from a market list."
0,1,,,ShortDescription,,,,,,,,"xs:string","","","The short description for the value taken from the market list."
0,1,,,Key1,,,,,,,,"key","","","A key for indexing a long list."
1,1,Intermediary,,,,,,,,,,,"","Intermediary","Details of an insurance intermediary."
0,1,,PEMId,,,,,,,,,"s-25","","PEM Id","A code that uniquely identifies a party within PEM."
0,1,,InStepCode,,,,,,,,,"s-6","","","Contains a value from Online Code list 1 (EDI Directory)."
0,1,,CompanyName,,,,,,,,,"s-630","","Company name","The name of the company or partnership."
0,1,,RiskReference,,,,,,,,,"s-50","","Risk reference","The client reference"
0,1,,TransactionReference,,,,,,,,,"s-50","","The reference for this business transaction","The reference for this business transaction"
1,1,,Contact,,,,,,,,,,"","Contact information","Details of a contact at the trading partner."
1,1,,,IndividualName,,,,,,,,,"","Individual name","The name of the party when an individual."
1,1,,,,FirstForename,,,,,,,"s-40","","First forename","The first forename of an individual."
1,1,,,,Surname,,,,,,,"s-40","","Surname","The surname of an individual."
1,1,,,WorkTelephoneNo,,,,,,,,"s-15","","Work telephone number","The telephone number at work."
1,1,,,EmailAddress,,,,,,,,"s-50","","Email address","An email address for the party."
0,1,Policy,,,,,,,,,,,"","Policy Detail","Details of the policy."
0,1,,PolicyNumber,,,,,,,,,"s-25","","Policy number","A reference which uniquely identifies the policy."
0,1,,QuoteReference,,,,,,,,,"s-30","","The insurer's quotation reference","The insurer's quotation reference."
0,1,,StartDate,,,,,,,,,"date","","The policy inception date or last renewal date if different from transaction start date.","The date the entry is to take effect."
0,1,,StartTime,,,,,,,,,"time","","Policy inception time or last renewal time","The policy inception time or last renewal time"
0,1,,EndDate,,,,,,,,,"date","","Policy end date or last renewal end date","The policy end date or last renewal end date"
0,1,,EndTime,,,,,,,,,"time","","Policy end time or last renewal end time","The policy end time or last renewal end time"
0,1,,TargetPremium,,,,,,,,,"d-2","","Target premium","A premium at which the broker will consider placing a risk."
0,1,,OverrideAuthorisationCode,,,,,,,,,"s-50","","Override authorisation code.","The authorisation identifier issued to the broker by the insurer."
0,1,,OverridePremiumAmount,,,,,,,,,"d-2","","The amount by which the premium has been overridden.","The positive or negative amount by which the total premium is to be adjusted."
0,1,,OverridePremiumPercent,,,,,,,,,"d-2","","The percentage by which the premium has been overridden.","The positive or negative percentage adjustment to the total premium."
0,1,,OverrideCommissionAmount,,,,,,,,,"d-2","","The amount by which the commission has been overridden.","The positive or negative amount by which the commission amount is to be adjusted."
0,1,,OverrideCommissionPercent,,,,,,,,,"d-2","","Override commission percentage.","The commission percentage to be applied."
0,1,PriorInsurer,,,,,,,,,,,"","Current/Previous Insurer","The insurer who currently holds, or last held, the risk."
1,1,,Code,,,,,,,,,,"","Company","A code to identify a party."
1,1,,,Value,,,,,,,,"xs:string","","","A value from a market list."
0,1,,,ShortDescription,,,,,,,,"xs:string","","","The short description for the value taken from the market list."
0,1,,,Description,,,,,,,,"string","630","Additional information, if required","A description provided by the user which supplements the code value."
0,1,,,Key1,,,,,,,,"key","","","A key for indexing a long list."
1,1,Insured,,,,,,,,,,,"","","Details of the proposer/policyholder."
0,1,,CompanyName,,,,,,,,,"s-630","","The trading name for a sole proprietor company, the partnership trading name or the limited company name.","The name of the company or partnership"
1,1,,CompanyStatusCode,,,,,,,,,,"","Company status","Indicates the type of company."
1,1,,,Value,,,,,,,,"xs:string","","","A value from a market list."
0,1,,,ShortDescription,,,,,,,,"xs:string","","","The short description for the value taken from the market list."
0,1,,,Key1,,,,,,,,"key","","","A key for indexing a long list."
1,1,,PAYEThresholdInd,,,,,,,,,,"","Are all your Employees (including labour only sub contractors, trainees, apprentices) paid below the PAYE threshold?","Indicated if all company Employees (including labour only sub contractors, trainees, apprentices) paid below the PAYE threshold?"
1,1,,,Value,,,,,,,,"xs:boolean","","","A value that represents a true or false response."
0,1,,EmployersRefNo,,,,,,,,,"s-25","","Employers Reference Number.","A unique reference number for the employer."
0,5,,IndividualName,,,,,,,,,,"","Partners name, or individual's name if trading as a sole proprietor or an individual.","The name of the party when an individual."
0,1,,,TitleCode,,,,,,,,,"","Title","Identifies the title of an individual."
1,1,,,,Value,,,,,,,"xs:string","","","A value from a market list."
0,1,,,,ShortDescription,,,,,,,"xs:string","","","The short description for the value taken from the market list."
0,1,,,,Key1,,,,,,,"key","","","A key for indexing a long list."
1,1,,,FirstForename,,,,,,,,"s-40","","First forename","The first forename of an individual."
1,1,,,Surname,,,,,,,,"s-40","","Surname","The surname of an individual."
0,1,,Address,,,,,,,,,,"","Correspondence Address - to be provided if different from the first risk address","Address details"
1,1,,,Line1,,,,,,,,"s-40","","Line 1","Address Line 1."
1,1,,,Line2,,,,,,,,"s-40","","Line 2","Address Line 2."
0,1,,,Line3,,,,,,,,"s-40","","Line 3","Address Line 3."
0,1,,,Line4,,,,,,,,"s-40","","Line 4","Address Line 4."
0,1,,,Line5,,,,,,,,"s-40","","Line 5","Address Line 5."
0,1,,,Line6,,,,,,,,"s-40","","Line 6","Address Line 6."
1,1,,,Postcode,,,,,,,,"s-10","","Post code","The postal code for the address."
1,1,,YearBusinessEstablished,,,,,,,,,"long","","In what year was the business established? (format CCYY)","The year the business was established (format CCYY)."
1,1,,Declaration,,,,,,,,,,"","","Declaration with further detail as required."
1,1,,,LossesInd,,,,,,,,,"","Has any proposer, director or partner of the Trade or Business or its Subsidiary Companies sustained any loss or had any claims made against them, whether insured or not in the past 5 years?","Indicates whether or not there has been any losses or incidents giving rise to losses in the last 5 years."
1,1,,,,Value,,,,,,,"xs:boolean","","","A value that represents a true or false response."
0,10,,,Losses,,,,,,,,,"","If yes, please provide details","Details of the losses."
0,1,,,,ClaimReportingStatus,,,,,,,,"","Claim Reporting Status","Indicates whether the claim has previously been reported to the insurer (intended for use at Renewal)."
1,1,,,,,Value,,,,,,"xs:string","","","A value from a market list."
0,1,,,,,ShortDescription,,,,,,"xs:string","","","The short description for the value taken from the market list."
0,1,,,,,Key1,,,,,,"key","","","A key for indexing a long list."
1,1,,,,OccurrenceDate,,,,,,,"date","","Occurrence date","The date on which the event relevant to the entry occurred."
1,1,,,,CauseCode,,,,,,,,"","Cause of Loss","The cause of the loss."
1,1,,,,,Value,,,,,,"xs:string","","","A value from a market list."
0,1,,,,,ShortDescription,,,,,,"xs:string","","","The short description for the value taken from the market list."
0,1,,,,,Key1,,,,,,"key","","","A key for indexing a long list."
0,1,,,,Premises,,,,,,,,"","","Details of the premises/location where the loss took place."
0,1,,,,,Id,,,,,,"s-25","","A unique identifier for the premises where the loss occurred (if applicable)","A unique identifier for the premises."
0,1,,,,,Address,,,,,,,"","<Blank>","The address of the premises."
1,1,,,,,,Postcode,,,,,"s-10","","Post code of the premises where the loss occurred (if applicable)","The postal code for the address."
0,1,,,,MonetaryAmount,,,,,,,,"","Monetary Amount of loss","Details of monetary amounts associated with the loss."
0,1,,,,,Amount,,,,,,"d-2","","Total amount of claim (including the amounts paid and outstanding)","The total amount of the claim - including the amount paid and the amount outstanding."
1,1,,,,LossBreakdown,,,,,,,,"","<Blank>","The cover for the loss."
1,1,,,,,CoverCode,,,,,,,"","Applicable cover","Identifies the cover applicable."
1,1,,,,,,Value,,,,,"xs:string","","","A value from a market list."
0,1,,,,,,ShortDescription,,,,,"xs:string","","","The short description for the value taken from the market list."
0,1,,,,,,Key1,,,,,"key","","","A key for indexing a long list."
1,1,,,ConvictionsInd,,,,,,,,,"","Has any proposer, director or partner of the Trade or Business or its Subsidiary Companies ever, either personally or in any business capacity, had any convictions or criminal offences which are not spent under the Rehabilitation of Offenders Act or are any prosecutions pending?","Indicates whether any individual covered by or involved with the proposed insurance has any criminal convictions against them or any judgements pending?"
1,1,,,,Value,,,,,,,"xs:boolean","","","A value that represents a true or false response."
1,1,,,InsuranceInd,,,,,,,,,"","Has any proposer, director or partner of the Trade or Business or its Subsidiary Companies ever, either personally or in any business capacity, had a proposal refused or declined or ever had an insurance cancelled, renewal refused or had special terms imposed?","Indicates adverse features of previous insurance history."
1,1,,,,Value,,,,,,,"xs:boolean","","","A value that represents a true or false response."
1,1,,,BankruptInd,,,,,,,,,"","Has any proposer, director or partner of the Trade or Business or its Subsidiary Companies ever, either personally or in any business capacity been declared bankrupt or insolvent or been the subject of bankruptcy proceedings or insolvency proceedings?","Indicates whether the insured or any partner/director/principal of the company or any business/company in which the insured or any principal has or has had an interest has ever been declared bankrupt/insolvent, or the subject of bankruptcy proceedings."
1,1,,,,Value,,,,,,,"xs:boolean","","","A value that represents a true or false response."
1,1,,Turnover,,,,,,,,,"long","","The annual turnover for the organisation/group","The annual turnover for the organisation/group."
0,10,,Subsidiary,,,,,,,,,,"","Subsidiary Company - please give details of all subsidiary companies","Details of all subsidiaries"
1,1,,,SubsidiaryIncludedInd,,,,,,,,,"","Is this subsidiary to be covered under this policy?","Is the subsidiary to be covered under this policy"
1,1,,,,Value,,,,,,,"xs:boolean","","","A value that represents a true or false response."
1,1,,,CompanyName,,,,,,,,"s-630","","Company name","The name of the company or partnership."
1,1,,,PAYEThresholdInd,,,,,,,,,"","Is the subsidiary exempt from holding a HMCE Employers Reference Number (because either all Employees (including labour only sub contractors, trainees, apprentices) are paid below the PAYE threshold, or the subsidiary is not UK based)?","Indicated if all company Employees (including labour only sub contractors, trainees, apprentices) paid below the PAYE threshold?"
1,1,,,,Value,,,,,,,"xs:boolean","","","A value that represents a true or false response."
0,1,,,EmployersRefNo,,,,,,,,"s-25","","Employers Reference Number.","A unique reference number for the employer."
1,1,,,Address,,,,,,,,,"","Address","The address of the subsidiary."
1,1,,,,Line1,,,,,,,"s-40","","Line 1","Address Line 1."
1,1,,,,Line2,,,,,,,"s-40","","Line 2","Address Line 2."
0,1,,,,Line3,,,,,,,"s-40","","Line 3","Address Line 3."
0,1,,,,Line4,,,,,,,"s-40","","Line 4","Address Line 4."
0,1,,,,Line5,,,,,,,"s-40","","Line 5","Address Line 5."
0,1,,,,Line6,,,,,,,"s-40","","Line 6","Address Line 6."
1,1,,,,Postcode,,,,,,,"s-10","","Post code","The postal code for the address."
1,1,Employee,,,,,,,,,,,"","Employee Detail","Details of employees."
1,1,,NoOfEmployees,,,,,,,,,"long","","Total number of full time employees","The total number of full time employees."
1,1,,Wages,,,,,,,,,"long","","The estimated wages amount for all employees for the next 12 months","The estimated wages amount for all employees for the next 12 months."
1,10,Premises,,,,,,,,,,,"","Premises Detail","Details of the premises"
0,1,,Id,,,,,,,,,"s-25","","A unique identifier for the premises","A unique identifier for the premises"
1,1,,Address,,,,,,,,,,"","","The address of the premises."
1,1,,,Line1,,,,,,,,"s-40","","Line 1","Address Line 1."
1,1,,,Line2,,,,,,,,"s-40","","Line 2","Address Line 2."
0,1,,,Line3,,,,,,,,"s-40","","Line 3","Address Line 3."
0,1,,,Line4,,,,,,,,"s-40","","Line 4","Address Line 4."
0,1,,,Line5,,,,,,,,"s-40","","Line 5","Address Line 5."
0,1,,,Line6,,,,,,,,"s-40","","Line 6","Address Line 6."
1,1,,,Postcode,,,,,,,,"s-10","","Post code","The postal code for the address."
1,1,,,YearEstablishedAtAddress,,,,,,,,"long","","The year established at the address.","The year first established at the address."
0,1,,TradingName,,,,,,,,,,"","Trading Name if different from Company Name","The Trading Name at the premises."
0,1,,,Name,,,,,,,,"s-630","","Trading name","A name under which a party trades."
0,3,,Location,,,,,,,,,,"","Location","The location of the premises."
0,1,,,Code,,,,,,,,,"","Type","Identifies a location."
1,1,,,,Value,,,,,,,"xs:string","","","A value from a market list."
0,1,,,,ShortDescription,,,,,,,"xs:string","","","The short description for the value taken from the market list."
0,1,,,,Key1,,,,,,,"key","","","A key for indexing a long list."
1,1,,ListedBuildingCode,,,,,,,,,,"","Listed building type","This identifies whether the insured premises are listed or covered by a preservation order."
1,1,,,Value,,,,,,,,"xs:string","","","A value from a market list."
0,1,,,ShortDescription,,,,,,,,"xs:string","","","The short description for the value taken from the market list."
0,1,,,Key1,,,,,,,,"key","","","A key for indexing a long list."
1,1,,Trade,,,,,,,,,,"","Trade","Details of a trade associated with the premises."
1,1,,,Code,,,,,,,,,"","Type","Specifies the type of activity."
1,1,,,,Value,,,,,,,"xs:string","","","A value from a market list."
0,1,,,,ShortDescription,,,,,,,"xs:string","","","The short description for the value taken from the market list."
0,1,,,,Key1,,,,,,,"key","","","A key for indexing a long list."
0,1,,,SecondHandPercent,,,,,,,,"d-2","","What percentage of turnover is derived from second hand goods?","The level of second hand goods expressed as a percentage."
0,1,,,HairAndBeauty,,,,,,,,,"","Details of Hair and Beauty Treatments Undertaken.",""
0,40,,,,Treatment,,,,,,,,"","Treatment",""
0,1,,,,,Code,,,,,,,"","Type","Specifies the type of activity."
1,1,,,,,,Value,,,,,"xs:string","","","A value from a market list."
0,1,,,,,,ShortDescription,,,,,"xs:string","","","The short description for the value taken from the market list."
0,1,,,,,,Key1,,,,,"key","","","A key for indexing a long list."
0,1,,,,,NoOfWorkers,,,,,,"long","","Total Number of Employees Performing this Treatment.","The total number of workers associated with this aspect of the business."
0,7,,,,,Employees,,,,,,,"","Employee Type that performs this treatment.","Employees involved in Hair & Beauty Treatments."
0,1,,,,,,EmploymentTypeCode,,,,,,"","Employment type","The employment status of the individual."
1,1,,,,,,,Value,,,,"xs:string","","","A value from a market list."
0,1,,,,,,,ShortDescription,,,,"xs:string","","","The short description for the value taken from the market list."
0,1,,,,,,,Key1,,,,"key","","","A key for indexing a long list."
0,1,,,,,,NoOfEmployees,,,,,"long","","Number of Employees of this type performing this treatment","The number of employees."
1,1,,,,IntensivePulsedLightInd,,,,,,,,"","Intensive Pulsed Light Used?","Indicates whether Intensive Pulsed Light is used in carrying out an activity."
1,1,,,,,Value,,,,,,"xs:boolean","","","A value that represents a true or false response."
1,1,,,,UVARadiationInd,,,,,,,,"","UVA Radiation present?",""
1,1,,,,,Value,,,,,,"xs:boolean","","","A value that represents a true or false response."
1,1,,,,Declaration,,,,,,,,"","Declaration",""
1,1,,,,,PrescriptionOnlyInd,,,,,,,"","Any prescription only medicines used?","Indicates whether any prescription only medicines are used in the activity."
1,1,,,,,,Value,,,,,"xs:boolean","","","A value that represents a true or false response."
1,1,,,,,ProprietaryBrandsUsedInd,,,,,,,"","Only proprietary brands used?","Indicates whether only proprietary chemicals and preparations are used - i.e. preparations that are commercially available rather than those made themselves."
1,1,,,,,,Value,,,,,"xs:boolean","","","A value that represents a true or false response."
0,20,,,,Facility,,,,,,,,"","Facility",""
0,1,,,,,TypeCode,,,,,,,"","Type","Identifies the type of item."
1,1,,,,,,Value,,,,,"xs:string","","","A value from a market list."
0,1,,,,,,ShortDescription,,,,,"xs:string","","","The short description for the value taken from the market list."
0,1,,,,,,Key1,,,,,"key","","","A key for indexing a long list."
0,1,,,,,NoOf,,,,,,"long","","Number of facilities of this type.","The number of items of this type if other than 1."
0,1,,,,,NoOfHiredOut,,,,,,"long","","Number of facilities of this type hired out.",""
1,1,,SubsidenceInd,,,,,,,,,,"","Has the property or adjacent property suffered from, or do they show any visible signs of damage from subsidence, landslip or ground heave?","Indicates whether a property is suffering or has suffered from subsidence or heave."
1,1,,,Value,,,,,,,,"xs:boolean","","","A value that represents a true or false response."
1,1,,FloodingHistoryInd,,,,,,,,,,"","Are the premises in an area with a history of flooding?","Indicates that the premises are situated in an area with a history of flooding."
1,1,,,Value,,,,,,,,"xs:boolean","","","A value that represents a true or false response."
1,1,,SoleOccupantInd,,,,,,,,,,"","Is the proposer the sole occupant other than offices or private dwellings?","Indicates whether the proposer is the sole occupant other than offices or private dwellings."
1,1,,,Value,,,,,,,,"xs:boolean","","","A value that represents a true or false response."
1,1,,SelfContainedInd,,,,,,,,,,"","Is the business self contained with its own means of access?","Indicates whether the premises are self-contained with their own means of access."
1,1,,,Value,,,,,,,,"xs:boolean","","","A value that represents a true or false response."
1,1,,ATMInd,,,,,,,,,,"","Is an ATM on the premises?","Indicates whether an Automatic Teller Machine is installed at the premises."
1,1,,,Value,,,,,,,,"xs:boolean","","","A value that represents a true or false response."
1,1,,OccupancyCode,,,,,,,,,,"","When occupied","Identifies when the premises are occupied."
1,1,,,Value,,,,,,,,"xs:string","","","A value from a market list."
0,1,,,ShortDescription,,,,,,,,"xs:string","","","The short description for the value taken from the market list."
0,1,,,Key1,,,,,,,,"key","","","A key for indexing a long list."
1,1,,IntruderAlarm,,,,,,,,,,"","Intruder Alarm Detail","Details of an intruder alarm installed at the premises"
1,1,,,PresentInd,,,,,,,,,"","Is there an intruder alarm present?","Indicates that an intruder alarm is present"
1,1,,,,Value,,,,,,,"xs:boolean","","","A value that represents a true or false response."
0,1,,,IntruderAlarmDetail,,,,,,,,,"","If yes, please provide details","Details of an intruder alarm system."
1,1,,,,TypeCode,,,,,,,,"","Alarm type","Identifies the type of intruder alarm."
1,1,,,,,Value,,,,,,"xs:string","","","A value from a market list."
0,1,,,,,ShortDescription,,,,,,"xs:string","","","The short description for the value taken from the market list."
0,1,,,,,Key1,,,,,,"key","","","A key for indexing a long list."
1,1,,,,ConfirmableTechnologyInd,,,,,,,,"","Does the alarm incorporate confirmable technology?","Indicates whether the intruder alarm system incorporates confirmable technology."
1,1,,,,,Value,,,,,,"xs:boolean","","","A value that represents a true or false response."
1,1,,,,SoleControlInd,,,,,,,,"","Under the sole control of proposer?","Indicates if the item is under the sole control of the proposer."
1,1,,,,,Value,,,,,,"xs:boolean","","","A value that represents a true or false response."
1,1,,,,AccreditationCode,,,,,,,,"","Installer accreditation","The accreditation of the intruder alarm"
1,1,,,,,Value,,,,,,"xs:string","","","A value from a market list."
0,1,,,,,ShortDescription,,,,,,"xs:string","","","The short description for the value taken from the market list."
0,1,,,,,Key1,,,,,,"key","","","A key for indexing a long list."
1,1,,,,MaintenanceAccreditationCode,,,,,,,,"","Maintenance contract accreditation","Identifies the accreditation  of the maintenance contract in place."
1,1,,,,,Value,,,,,,"xs:string","","","A value from a market list."
0,1,,,,,ShortDescription,,,,,,"xs:string","","","The short description for the value taken from the market list."
0,1,,,,,Key1,,,,,,"key","","","A key for indexing a long list."
1,1,,,,PoliceResponseCode,,,,,,,,"","Current level of police response","The current level of police response applicable."
1,1,,,,,Value,,,,,,"xs:string","","","A value from a market list."
0,1,,,,,ShortDescription,,,,,,"xs:string","","","The short description for the value taken from the market list."
0,1,,,,,Key1,,,,,,"key","","","A key for indexing a long list."
1,5,,Security,,,,,,,,,,"","Additional Security (over and above the insurers minimum standard requirements)","Details of general security in addition to an intruder alarm"
1,1,,,Code,,,,,,,,,"","<blank>","Identifies the protections that are afforded to a specified location."
1,1,,,,Value,,,,,,,"xs:string","","","A value from a market list."
0,1,,,,ShortDescription,,,,,,,"xs:string","","","The short description for the value taken from the market list."
0,1,,,,Key1,,,,,,,"key","","","A key for indexing a long list."
1,1,,StandardConstructionInd,,,,,,,,,,"","Are the walls built only of brick, stone or concrete and roofed only with slates, tiles or concrete?","Indicates whether the premises are of standard construction."
1,1,,,Value,,,,,,,,"xs:boolean","","","A value that represents a true or false response."
0,5,,WallConstruction,,,,,,,,,,"","Wall materials if not built only of brick, stone or concrete","Wall materials if not built only of brick, stone or concrete."
0,1,,,Code,,,,,,,,,"","Material type","Identifies the nature of the building's construction."
1,1,,,,Value,,,,,,,"xs:string","","","A value from a market list."
0,1,,,,ShortDescription,,,,,,,"xs:string","","","The short description for the value taken from the market list."
0,1,,,,Key1,,,,,,,"key","","","A key for indexing a long list."
0,1,,,Percent,,,,,,,,"decimal","","Per cent","Defines the percentage of the part of the premises specified which is of the given construction type."
0,5,,RoofConstruction,,,,,,,,,,"","Roof materials if not roofed only with slates, tiles or concrete","Roof materials if not roofed only with slates, tiles or concrete."
0,1,,,Code,,,,,,,,,"","Material type","Identifies the nature of the building's construction."
1,1,,,,Value,,,,,,,"xs:string","","","A value from a market list."
0,1,,,,ShortDescription,,,,,,,"xs:string","","","The short description for the value taken from the market list."
0,1,,,,Key1,,,,,,,"key","","","A key for indexing a long list."
0,1,,,Percent,,,,,,,,"decimal","","Per cent","Defines the percentage of the part of the premises specified which is of the given construction type."
0,1,,NoOfWoodenFloors,,,,,,,,,"long","","Number of wooden floors","The number of storeys in a building where the floor is of wooden construction."
0,2,,Interest,,,,,,,,,,"","Interested Party","Details of an interest in the property, normally a financial interest."
0,1,,,InterestedPartyName,,,,,,,,"s-630","","Interested party name","Contains the name of the interested party."
0,1,,,InterestedPartyAddress,,,,,,,,,"","Address","Contains the address of the interested party."
1,1,,,,Line1,,,,,,,"s-40","","Line 1","Address Line 1."
1,1,,,,Line2,,,,,,,"s-40","","Line 2","Address Line 2."
0,1,,,,Line3,,,,,,,"s-40","","Line 3","Address Line 3."
0,1,,,,Line4,,,,,,,"s-40","","Line 4","Address Line 4."
0,1,,,,Line5,,,,,,,"s-40","","Line 5","Address Line 5."
0,1,,,,Line6,,,,,,,"s-40","","Line 6","Address Line 6."
1,1,,,,Postcode,,,,,,,"s-10","","Post code","The postal code for the address."
0,3,,MaterialDamagePerils,,,,,,,,,,"","Material damage perils","Details of material damage perils."
0,1,,,Code,,,,,,,,,"","Please select any cover required in addition to the insurers Standard Fire Theft and Special Perils","A coded specification of the cover."
1,1,,,,Value,,,,,,,"xs:string","","","A value from a market list."
0,1,,,,ShortDescription,,,,,,,"xs:string","","","The short description for the value taken from the market list."
0,1,,,,Key1,,,,,,,"key","","","A key for indexing a long list."
0,1,,BuildingsCover,,,,,,,,,,"","","Details of cover in respect of a building."
0,1,,,Buildings,,,,,,,,,"","Buildings","Cover in respect of damage to the buildings."
0,1,,,,CoverDetail,,,,,,,,"","Buildings cover","Details of cover."
1,1,,,,,SumInsured,,,,,,,"","<Blank>","The maximum amount paid in the event of a claim."
1,1,,,,,,Amount,,,,,"long","","Sum insured amount","A monetary amount."
0,3,,,,,Perils,,,,,,,"","Perils excess","Perils for which a separate excess is required/ provided."
0,1,,,,,,Code,,,,,,"","<Blank>","A coded specification of the cover."
1,1,,,,,,,Value,,,,"xs:string","","","A value from a market list."
0,1,,,,,,,ShortDescription,,,,"xs:string","","","The short description for the value taken from the market list."
0,1,,,,,,,Key1,,,,"key","","","A key for indexing a long list."
0,1,,,,,,Excess,,,,,,"","<Blank>","The amount for which the insured is responsible in respect of a claim."
0,1,,,,,,,Amount,,,,"long","","Excess amount","A monetary amount."
0,1,,,TenantsImprovements,,,,,,,,,"","Tenants Improvement","Cover in respect of improvements to the premises carried out by tenants."
0,1,,,,CoverDetail,,,,,,,,"","Tenants Improvement Cover","Details of cover."
1,1,,,,,SumInsured,,,,,,,"","<Blank>","The maximum amount paid in the event of a claim."
1,1,,,,,,Amount,,,,,"long","","Sum insured amount","A monetary amount."
0,1,,,,,Excess,,,,,,,"","<Blank>","The amount for which the insured is responsible in respect of a claim."
0,1,,,,,,Amount,,,,,"long","","Excess amount","A monetary amount."
0,1,,,RentPayable,,,,,,,,,"","Rent payable by the Insured","Cover for rent which the policyholder will continue to be liable for even if the premises cannot be used."
0,1,,,,CoverDetail,,,,,,,,"","Rent Payable","Details of cover."
1,1,,,,,SumInsured,,,,,,,"","<Blank>","The maximum amount paid in the event of a claim."
1,1,,,,,,Amount,,,,,"long","","Sum insured amount","A monetary amount."
1,1,,,,,IndemnityPeriod,,,,,,"long","","Indemnity period in months","The indemnity period (in months) provided by the cover.  This is used primarily for covers such as Business Interruption (Consequential Loss) where the benefit of the cover will continue for a period of time after the event which caused the loss."
0,1,,,,,Excess,,,,,,,"","<Blank>","The amount for which the insured is responsible in respect of a claim."
0,1,,,,,,Amount,,,,,"long","","Excess amount","A monetary amount."
0,1,,,ShopFront,,,,,,,,,"","Shop Front","Cover in respect of damage to the front of a shop premises."
0,1,,,,CoverDetail,,,,,,,,"","",""
1,1,,,,,SumInsured,,,,,,,"","<Blank>","The maximum amount paid in the event of a claim."
1,1,,,,,,Amount,,,,,"long","","Sum insured amount","A monetary amount."
0,1,,,,,Excess,,,,,,,"","<Blank>","The amount for which the insured is responsible in respect of a claim."
0,1,,,,,,Amount,,,,,"long","","Excess amount","A monetary amount."
0,20,,,AdditionalCover,,,,,,,,,"","Additional Cover","Cover(s) in addition to the main cover applicable."
1,1,,,,Code,,,,,,,,"","Cover type","A coded specification of the cover."
1,1,,,,,Value,,,,,,"xs:string","","","A value from a market list."
0,1,,,,,ShortDescription,,,,,,"xs:string","","","The short description for the value taken from the market list."
0,1,,,,,Key1,,,,,,"key","","","A key for indexing a long list."
1,1,,,,SumInsured,,,,,,,,"","<Blank>","The maximum amount paid in the event of a claim."
1,1,,,,,Amount,,,,,,"long","","Sum insured amount","A monetary amount."
0,1,,,,IndemnityPeriod,,,,,,,"long","","Indemnity period in months","The indemnity period (in months) provided by the cover.  This is used primarily for covers such as Business Interruption (Consequential Loss) where the benefit of the cover will continue for a period of time after the event which caused the loss."
0,1,,,,Excess,,,,,,,,"","<Blank>","The amount for which the insured is responsible in respect of a claim."
0,1,,,,,Amount,,,,,,"long","","Excess amount","A monetary amount."
1,1,,ContentsCover,,,,,,,,,,"","","Details of cover in respect of contents."
0,1,,,TargetStock,,,,,,,,,"","Target Stock.","Details of target stock."
0,1,,,,CoverDetail,,,,,,,,"","<Blank>","Details of the cover."
0,25,,,,,SpecifiedItem,,,,,,,"","Target Stock Specified Items","Details of specific items."
1,1,,,,,,TypeCode,,,,,,"","Type","Identifies the type of specified item."
1,1,,,,,,,Value,,,,"xs:string","","","A value from a market list."
0,1,,,,,,,ShortDescription,,,,"xs:string","","","The short description for the value taken from the market list."
0,1,,,,,,,Key1,,,,"key","","","A key for indexing a long list."
1,1,,,,,,SumInsured,,,,,,"","<Blank>","The maximum amount paid in the event of a claim."
1,1,,,,,,,Amount,,,,"long","","Sum insured amount","A monetary amount."
0,1,,,OtherStock,,,,,,,,,"","Stock (other than target stock)","Details of stock other than target stock."
0,1,,,,CoverDetail,,,,,,,,"","<Blank>","Details of the cover."
1,1,,,,,SumInsured,,,,,,,"","<Blank>","The maximum amount paid in the event of a claim."
1,1,,,,,,Amount,,,,,"long","","Sum insured amount","A monetary amount."
0,1,,,OtherContents,,,,,,,,,"","Contents (other than stock)","Details of contents other than stock."
0,1,,,,CoverDetail,,,,,,,,"","<Blank>","Details of the cover."
1,1,,,,,SumInsured,,,,,,,"","<Blank>","The maximum amount paid in the event of a claim."
1,1,,,,,,Amount,,,,,"long","","Sum insured amount","A monetary amount."
0,1,,,Excess,,,,,,,,,"","<Blank>","The amount for which the insured is responsible in respect of a claim."
0,1,,,,Amount,,,,,,,"long","","Excess amount","A monetary amount."
0,20,,,AdditionalCover,,,,,,,,,"","Additional Cover","Details of cover in addition to the main contents cover."
1,1,,,,Code,,,,,,,,"","Cover type","A coded specification of the cover."
1,1,,,,,Value,,,,,,"xs:string","","","A value from a market list."
0,1,,,,,ShortDescription,,,,,,"xs:string","","","The short description for the value taken from the market list."
0,1,,,,,Key1,,,,,,"key","","","A key for indexing a long list."
1,1,,,,SumInsured,,,,,,,,"","<Blank>","The maximum amount paid in the event of a claim."
1,1,,,,,Amount,,,,,,"long","","Sum insured amount","A monetary amount."
0,1,,AllRisksCover,,,,,,,,,,"","Specified All Risks","Details of all risks cover in respect of specified items or groups of items."
0,1,,,CoverDetail,,,,,,,,,"","<blank>","Details of the cover."
1,10,,,,SpecifiedItem,,,,,,,,"","Specified item","Details of a specified item or group of items."
0,1,,,,,Id,,,,,,"s-25","","A unique identifier for the item","A unique identifier for the item."
1,1,,,,,TypeCode,,,,,,,"","Type","Identifies the type of specified item."
1,1,,,,,,Value,,,,,"xs:string","","","A value from a market list."
0,1,,,,,,ShortDescription,,,,,"xs:string","","","The short description for the value taken from the market list."
0,1,,,,,,Key1,,,,,"key","","","A key for indexing a long list."
1,1,,,,,SumInsured,,,,,,,"","<blank>","The maximum amount paid in the event of a claim."
1,1,,,,,,Amount,,,,,"long","","Sum insured amount","A monetary amount."
1,1,,,,,MaxValueOneItem,,,,,,"long","","Maximum value one item","The value of the most expensive item in a collection of items."
1,1,,,,,TerritorialLimit,,,,,,,"","Territorial Limit","The territorial limit to which the cover applies."
1,1,,,,,,TerritoryCode,,,,,,"","Territory","A code which identifies the country or territory."
1,1,,,,,,,Value,,,,"xs:string","","","A value from a market list."
0,1,,,,,,,ShortDescription,,,,"xs:string","","","The short description for the value taken from the market list."
0,1,,,,,,,Key1,,,,"key","","","A key for indexing a long list."
0,1,,DeteriorationOfStockCover,,,,,,,,,,"","Deterioration of Stock","Details of deterioration of stock cover."
0,1,,,CoverDetail,,,,,,,,,"","<blank>","Details of cover."
0,1,,,,NoOfObjectsCovered,,,,,,,"long","","Number of refrigeration units","The number of objects/items for which the cover is required/applies."
1,1,,,,SumInsured,,,,,,,,"","<blank>","The maximum amount paid in the event of a claim."
1,1,,,,,Amount,,,,,,"long","","Sum insured amount","A monetary amount."
0,1,,BusinessInterruptionCover,,,,,,,,,,"","Business Interruption Cover","Details of business interruption cover."
1,1,,,CoverRequiredInd,,,,,,,,,"","Is cover required for business interruption?","Indicates whether the proposer/policyholder requires cover."
1,1,,,,Value,,,,,,,"xs:boolean","","","A value that represents a true or false response."
0,1,,,CoverDetail,,,,,,,,,"","<blank>","Details of the cover."
1,1,,,,BasisCode,,,,,,,,"","Cover basis","Identifies the basis on which cover is required/provided."
1,1,,,,,Value,,,,,,"xs:string","","","A value from a market list."
0,1,,,,,ShortDescription,,,,,,"xs:string","","","The short description for the value taken from the market list."
0,1,,,,,Key1,,,,,,"key","","","A key for indexing a long list."
1,1,,,,SumInsured,,,,,,,,"","<blank>","The maximum amount paid in the event of a claim."
1,1,,,,,Amount,,,,,,"long","","Sum insured amount","A monetary amount."
1,1,,,,IndemnityPeriod,,,,,,,"long","","Indemnity period (in months)","The indemnity period (in months) provided by the cover.  This is used primarily for covers such as Business Interruption (Consequential Loss) where the benefit of the cover will continue for a period of time after the event which caused the loss."
0,20,,,,AdditionalCover,,,,,,,,"","Additional cover(s) required","Details of additional covers."
1,1,,,,,Code,,,,,,,"","Cover type","A coded specification of the cover."
1,1,,,,,,Value,,,,,"xs:string","","","A value from a market list."
0,1,,,,,,ShortDescription,,,,,"xs:string","","","The short description for the value taken from the market list."
0,1,,,,,,Key1,,,,,"key","","","A key for indexing a long list."
1,1,,,,,SumInsured,,,,,,,"","<Blank>","The maximum amount paid in the event of a claim."
1,1,,,,,,Amount,,,,,"long","","Sum insured amount","A monetary amount."
0,1,,LossOfLicenceCover,,,,,,,,,,"","Loss of Licence","Details of cover in respect of loss of licence."
0,3,,,CoverDetail,,,,,,,,,"","<blank>","Details of cover."
1,1,,,,SumInsured,,,,,,,,"","<blank>","The maximum amount paid in the event of a claim."
1,1,,,,,Amount,,,,,,"long","","Sum insured amount","A monetary amount."
1,1,,,,Accreditation,,,,,,,,"","Licence Details","Details relevant to the licence."
1,1,,,,,Code,,,,,,,"","Type","The type of accreditation."
1,1,,,,,,Value,,,,,"xs:string","","","A value from a market list."
0,1,,,,,,ShortDescription,,,,,"xs:string","","","The short description for the value taken from the market list."
0,1,,,,,,Key1,,,,,"key","","","A key for indexing a long list."
1,1,,,,,OppositionInd,,,,,,,"","Has there been any opposition to or any incident that may prejudice the granting, renewal, or transfer of the licence?","Indicates whether or not there has been any opposition to or any incident that may prejudice the granting, renewal, or transfer of the licence."
1,1,,,,,,Value,,,,,"xs:boolean","","","A value that represents a true or false response."
1,1,,,,,RefusalInd,,,,,,,"","Has the proposer or licence holder ever had an application for the granting, renewal or transfer of the licence refused or had conditions imposed?","Indicates whether the insured or licence holder have ever had an application for the granting, renewal or transfer of the licence refused or had conditions imposed."
1,1,,,,,,Value,,,,,"xs:boolean","","","A value that represents a true or false response."
1,1,,,,,TransferInd,,,,,,,"","Is there any intention to apply for a transfer of the licence within the next 12 months?","Indicates whether there is the intention to transfer the licence within the next twelve months."
1,1,,,,,,Value,,,,,"xs:boolean","","","A value that represents a true or false response."
0,1,,MoneyCover,,,,,,,,,,"","Money Cover","Details of cover in respect of loss of money."
0,1,,,CoverDetail,,,,,,,,,"","<blank>","Details of cover."
0,5,,,,CoverBreakdown,,,,,,,,"","","A breakdown of the cover requested/provided."
1,1,,,,,Code,,,,,,,"","Type of cover","A coded specification of the cover."
1,1,,,,,,Value,,,,,"xs:string","","","A value from a market list."
0,1,,,,,,ShortDescription,,,,,"xs:string","","","The short description for the value taken from the market list."
0,1,,,,,,Key1,,,,,"key","","","A key for indexing a long list."
1,1,,,,,SumInsured,,,,,,,"","<blank>","The maximum amount paid in the event of a claim."
1,1,,,,,,Amount,,,,,"long","","Sum insured amount","A monetary amount."
0,3,,Safe,,,,,,,,,,"","Safe Detail","Details of a safe."
1,1,,,MakeModelCode,,,,,,,,,"","Make/model","Identifies the make/model of the safe."
1,1,,,,Value,,,,,,,"xs:string","","","A value from a market list."
0,1,,,,ShortDescription,,,,,,,"xs:string","","","The short description for the value taken from the market list."
0,1,,,,Key1,,,,,,,"key","","","A key for indexing a long list."
0,1,LegalExpensesCover,,,,,,,,,,,"","","Details of cover in respect of legal expenses."
1,1,,CoverRequiredInd,,,,,,,,,,"","Is this cover required?","Indicates whether the proposer/policyholder requires cover."
1,1,,,Value,,,,,,,,"xs:boolean","","","A value that represents a true or false response."
0,1,FidelityGuaranteeCover,,,,,,,,,,,"","","Details of fidelity guarantee cover."
1,1,,CoverRequiredInd,,,,,,,,,,"","Is this cover required?","Indicates whether the proposer/policyholder requires cover."
1,1,,,Value,,,,,,,,"xs:boolean","","","A value that represents a true or false response."
0,1,,CoverDetail,,,,,,,,,,"","If yes, please provide details","Details of the cover."
0,1,,,ResponsibleEmployees,,,,,,,,,"","<blank>","Details of employees who have responsibility."
0,1,,,,Wages,,,,,,,"long","","Wages for responsible employees","The estimated wages amount for all employees for the next 12 months."
0,1,PublicLiabilityCover,,,,,,,,,,,"","Public Liability Cover","Details of cover in respect of liability to the public."
0,1,,CoverDetail,,,,,,,,,,"","<Blank>","Details of cover."
1,1,,,SumInsured,,,,,,,,,"","<blank>","The maximum amount paid in the event of a claim."
1,1,,,,Amount,,,,,,,"long","","Indemnity limit amount - Please input the full amount, eg 1000000","A monetary amount."
0,1,,,Employee,,,,,,,,,"","Employee Detail","Details of employees and their activities."
0,1,,,,GeneralActivity,,,,,,,,"","<Blank>","Details of a general activity carried out."
1,1,,,,,WorkAwayInd,,,,,,,"","Is any work away carried out other than collection and delivery?","Indicates whether or not the employee undertakes work away from the premises."
1,1,,,,,,Value,,,,,"xs:boolean","","","A value that represents a true or false response."
0,1,,,,,NoOfWorkers,,,,,,"long","","If yes, the number of employees working away","The total number of workers associated with this aspect of the business."
0,1,EmployersLiabilityCover,,,,,,,,,,,"","Employers Liability Cover (normally covered as standard)","Details of employers liability cover."
1,1,,CoverRequiredInd,,,,,,,,,,"","Is this cover required?","Indicates whether the proposer/policyholder requires cover."
1,1,,,Value,,,,,,,,"xs:boolean","","","A value that represents a true or false response."
0,1,GoodsInTransitCover,,,,,,,,,,,"","","Details of goods in transit cover."
0,1,,CoverDetail,,,,,,,,,,"","<Blank>","Details of cover."
0,1,,,MethodOfCarry,,,,,,,,,"","Method Of Carry","The method used to carry/transport/send the goods."
0,1,,,,LimitPerConsignment,,,,,,,,"","Limit per consignment","The limit in respect of any one consignment."
0,1,,,,,Amount,,,,,,"long","","Amount","A monetary amount."
0,1,,,OwnVehicle,,,,,,,,,"","","General details of vehicles owned by the proposer/policyholder."
0,1,,,,NoOf,,,,,,,"long","","Number of vehicles","The number of items of this type if other than 1."
1,1,,,SumInsured,,,,,,,,,"","<Blank>","The maximum amount paid in the event of a claim."
1,1,,,,Amount,,,,,,,"long","","Limit for all vehicles at any one time","Limit for all vehicles at any one time."
0,1,PersonalAccidentCover,,,,,,,,,,,"","Personal Accident Cover","Details of personal accident cover."
0,5,,CoverDetail,,,,,,,,,,"","Personal Accident Cover","Details of cover."
0,1,,,BasisCode,,,,,,,,,"","Cover basis","Identifies the basis on which cover is required/provided."
1,1,,,,Value,,,,,,,"xs:string","","","A value from a market list."
0,1,,,,ShortDescription,,,,,,,"xs:string","","","The short description for the value taken from the market list."
0,1,,,,Key1,,,,,,,"key","","","A key for indexing a long list."
0,1,,,CapitalBenefit,,,,,,,,,"","<blank>","Details of any capital benefit applicable."
0,1,,,,Amount,,,,,,,"long","","Capital benefit amount","A monetary amount."
0,1,,,GroupDetail,,,,,,,,,"","","Details of a group of individuals to be included in the cover."
0,1,,,,EmploymentTypeCode,,,,,,,,"","Employment type","The employment status of the individual."
1,1,,,,,Value,,,,,,"xs:string","","","A value from a market list."
0,1,,,,,ShortDescription,,,,,,"xs:string","","","The short description for the value taken from the market list."
0,1,,,,,Key1,,,,,,"key","","","A key for indexing a long list."
0,1,,,,NoOfEmployees,,,,,,,"long","","Number of employees","The number of employees."
0,20,,,IndividualDetail,,,,,,,,,"","Group Member Detail","Details of an individual."
0,1,,,,IndividualName,,,,,,,,"","Individual Name","The name of the party when an individual."
0,1,,,,,TitleCode,,,,,,,"","Title","Identifies the title of an individual."
1,1,,,,,,Value,,,,,"xs:string","","","A value from a market list."
0,1,,,,,,ShortDescription,,,,,"xs:string","","","The short description for the value taken from the market list."
0,1,,,,,,Key1,,,,,"key","","","A key for indexing a long list."
1,1,,,,,FirstForename,,,,,,"s-40","","First forename","The first forename of an individual."
1,1,,,,,Surname,,,,,,"s-40","","Surname","The surname of an individual."
0,1,,,,BirthDate,,,,,,,"date","","Date of birth","The date of birth."
0,1,TerrorismCover,,,,,,,,,,,"","","Details of cover against terrorism risks."
1,1,,CoverRequiredInd,,,,,,,,,,"","Is this cover required?","Indicates whether the proposer/policyholder requires cover."
1,1,,,Value,,,,,,,,"xs:boolean","","","A value that represents a true or false response."
