
PropertyOwnersSmallNBRs
Version 5-1
Report Created 9/8/2011

Min,Max,Level 1,Level 2,Level 3,Level 4,Level 5,Level 6,Level 7,Level 8,Level 9,Level 10,Type,Max Length,Caption,Description
1,1,DateGenerated,,,,,,,,,,"date","","","The date that the entry was generated."
1,1,TimeGenerated,,,,,,,,,,"time","","","The time on the creation date when the entry was generated."
0,1,StartDate,,,,,,,,,,"date","","Cover start date for this transaction","The date the entry is to take effect."
0,1,StartTime,,,,,,,,,,"time","","Cover start time for this transaction","The time the entry is to take effect."
0,1,EndDate,,,,,,,,,,"date","","Cover end date for this transaction","The date the entry is to expire."
0,1,EndTime,,,,,,,,,,"time","","Cover end time for this transaction","The time the entry is to expire."
0,1,QuoteValidUntil,,,,,,,,,,"date","","Date until which this quotation is valid","The date until which a quotation is valid."
0,1,AgencyAccountRef,,,,,,,,,,"s-25","","Agency account reference","A reference allocated by the insurer to identify the individual agency account/contract."
1,1,Intermediary,,,,,,,,,,,"","Intermediary","Details of an insurance intermediary."
0,1,,PEMId,,,,,,,,,"s-25","","PEM Id","A code that uniquely identifies a party within PEM."
0,1,,InStepCode,,,,,,,,,"s-6","","","Contains a value from Online Code list 1 (EDI Directory)."
0,1,,CompanyName,,,,,,,,,"s-630","","Company name","The name of the company or partnership."
0,1,,RiskReference,,,,,,,,,"s-50","","Risk reference","The client reference"
0,1,,TransactionReference,,,,,,,,,"s-50","","The reference for this business transaction","The reference for this business transaction"
1,1,,Contact,,,,,,,,,,"","Contact information","Details of a contact at the trading partner."
1,1,,,IndividualName,,,,,,,,,"","Individual name","The name of the party when an individual."
1,1,,,,FirstForename,,,,,,,"s-40","","First forename","The first forename of an individual."
1,1,,,,Surname,,,,,,,"s-40","","Surname","The surname of an individual."
1,1,,,WorkTelephoneNo,,,,,,,,"s-15","","Work telephone number","The telephone number at work."
1,1,,,EmailAddress,,,,,,,,"s-50","","Email address","An email address for the party."
1,1,Insurer,,,,,,,,,,,"","Insurer","Details of an insurer"
0,1,,PEMId,,,,,,,,,"s-25","","PEM Id","A code that uniquely identifies a party within PEM."
0,1,,InStepCode,,,,,,,,,"s-6","","","Contains a value from Online Code list 1 (EDI Directory)."
0,1,,CompanyName,,,,,,,,,"s-630","","Company name","The name of the company or partnership."
0,1,,Contact,,,,,,,,,,"","Contact","Details of a contact at the trading partner."
0,1,,,IndividualName,,,,,,,,,"","<Blank>","The name of the party when an individual."
1,1,,,,FirstForename,,,,,,,"s-40","","First forename","The first forename of an individual."
1,1,,,,Surname,,,,,,,"s-40","","Surname","The surname of an individual."
0,1,,,WorkTelephoneNo,,,,,,,,"s-15","","Work telephone number","The telephone number at work."
0,1,,,EmailAddress,,,,,,,,"s-50","","Email address","An email address for the party."
1,1,Insured,,,,,,,,,,,"","Insured","Details of the proposer/policyholder."
0,1,,CompanyName,,,,,,,,,"s-630","","The trading name for a sole proprietor company, the partnership trading name or the limited company name.","The name of the company or partnership"
0,5,,IndividualName,,,,,,,,,,"","Partners name, or individual's name if trading as a sole proprietor or an individual.","The name of the party when an individual."
0,1,,,TitleCode,,,,,,,,,"","Title","Identifies the title of an individual."
1,1,,,,Value,,,,,,,"xs:string","","","A value from a market list."
0,1,,,,ShortDescription,,,,,,,"xs:string","","","The short description for the value taken from the market list."
0,1,,,,Key1,,,,,,,"key","","","A key for indexing a long list."
1,1,,,FirstForename,,,,,,,,"s-40","","First forename","The first forename of an individual."
1,1,,,Surname,,,,,,,,"s-40","","Surname","The surname of an individual."
0,10,Decline,,,,,,,,,,,"","Decline","Decline details"
0,1,,Code,,,,,,,,,"s-630","","Reason","Identifies the reason for the message. The value may have been set up from either an insurer specific code or from a market standard."
0,10,Refer,,,,,,,,,,,"","Refer","Refer details"
0,1,,Code,,,,,,,,,"s-630","","Reason","Identifies the reason for the message. The value may have been set up from either an insurer specific code or from a market standard."
0,1,PremiumQuoteBreakdown,,,,,,,,,,,"","Premium Quote Breakdown for this transaction","A breakdown of a premium quotation."
0,1,,GrossAmount,,,,,,,,,"d-2","","Amount inclusive of brokerage and tax","A monetary amount inclusive of brokerage/commission and tax."
0,1,,Amount,,,,,,,,,"d-2","","Premium Payable including tax and excluding brokerage/commission.","A monetary amount payable including tax and excluding brokerage/commission."
0,1,,BrokerageAmount,,,,,,,,,"d-2","","Brokerage amount","The monetary amount of the brokerage."
0,1,,BrokeragePercent,,,,,,,,,"d-5","","Brokerage percent","The broker's commission."
0,1,,IPTAmount,,,,,,,,,"d-2","","IPT Amount","The monetary amount of Insurance Premium Tax (IPT)."
0,1,,IPTPercent,,,,,,,,,"d-5","","IPT Percent","The percentage rate of Insurance Premium Tax (IPT)."
0,1,,MinAppliedInd,,,,,,,,,,"","Minimum premium applies?","Indicates that a minimum premium has been applied."
1,1,,,Value,,,,,,,,"xs:boolean","","","A value that represents a true or false response."
0,5,PaymentPlan,,,,,,,,,,,"","Payment Plan Details","Details of a scheme to pay by instalments."
0,1,,MethodOfPaymentCode,,,,,,,,,,"","Method of payment","The method by which payment will be made."
1,1,,,Value,,,,,,,,"xs:string","","","A value from a market list."
0,1,,,ShortDescription,,,,,,,,"xs:string","","","The short description for the value taken from the market list."
0,1,,,Key1,,,,,,,,"key","","","A key for indexing a long list."
0,1,,NoOfPayments,,,,,,,,,"long","","Number of payments","The number of payments which will be made until the total amount has been paid."
0,1,,PaymentFrequencyCode,,,,,,,,,,"","Payment frequency","The frequency at which payments will be made."
1,1,,,Value,,,,,,,,"xs:string","","","A value from a market list."
0,1,,,ShortDescription,,,,,,,,"xs:string","","","The short description for the value taken from the market list."
0,1,,,Key1,,,,,,,,"key","","","A key for indexing a long list."
0,1,,DownPaymentAmount,,,,,,,,,"d-2","","Down payment amount","The amount of deposit/down payment required."
0,1,,SuccessiveInstalmentAmount,,,,,,,,,"d-2","","Successive instalment amount","The amount of the second and subsequent instalments required by the payment option."
0,1,,TotalAmountPayable,,,,,,,,,"d-2","","Total amount payable","The total payable under the terms of the plan. This must include the Calculated Premium, Admin. Fees and Interest payable."
0,1,,InterestAmount,,,,,,,,,"d-2","","Interest amount","The total amount of interest payable under the plan."
0,1,,InterestPercent,,,,,,,,,"d-2","","Basic rate of interest","The basic rate of interest for the payment plan."
0,1,,APR,,,,,,,,,"d-2","","APR","The annual percentage rate of interest for the plan."
0,1,Policy,,,,,,,,,,,"","Policy Detail","Details of the policy."
0,1,,PolicyNumber,,,,,,,,,"s-25","","Policy number","A reference which uniquely identifies the policy."
0,1,,QuoteReference,,,,,,,,,"s-30","","The insurer's quotation reference","The insurer's quotation reference."
0,1,,ProductName,,,,,,,,,"s-70","","Product name","The product/scheme name"
0,1,,StartDate,,,,,,,,,"date","","The policy inception date or last renewal date if different from transaction start date.","The date the entry is to take effect."
0,1,,StartTime,,,,,,,,,"time","","Policy inception time or last renewal time","The policy inception time or last renewal time"
0,1,,EndDate,,,,,,,,,"date","","Policy end date or last renewal end date","The policy end date or last renewal end date"
0,1,,EndTime,,,,,,,,,"time","","Policy end time or last renewal end time","The policy end time or last renewal end time"
0,1,,DiscountedPremiumAmount,,,,,,,,,"d-2","","The minimum premium the insurer will accept for the risk in the event the broker wished to override the premium","An alternative premium amount supplied by the insurer."
0,1,,PremiumQuoteBreakdown,,,,,,,,,,"","Annual Premium Quote Breakdown","A detailed breakdown of a premium amount."
0,1,,,GrossAmount,,,,,,,,"d-2","","Amount inclusive of brokerage and tax","A monetary amount inclusive of brokerage/commission and tax."
0,1,,,Amount,,,,,,,,"d-2","","Premium Payable including tax and excluding brokerage/commission.","A monetary amount payable including tax and excluding brokerage/commission."
0,1,,,BrokerageAmount,,,,,,,,"d-2","","Brokerage amount","The monetary amount of the brokerage."
0,1,,,BrokeragePercent,,,,,,,,"d-5","","Brokerage percent","The broker's commission."
0,1,,,IPTAmount,,,,,,,,"d-2","","IPT Amount","The monetary amount of Insurance Premium Tax (IPT)."
0,1,,,IPTPercent,,,,,,,,"d-5","","IPT Percent","The percentage rate of Insurance Premium Tax (IPT)."
0,1,,,MinAppliedInd,,,,,,,,,"","Minimum premium applies?","Indicates that a minimum premium has been applied."
1,1,,,,Value,,,,,,,"xs:boolean","","","A value that represents a true or false response."
0,60,,QuoteCondition,,,,,,,,,,"","Policy quote condition","Special conditions applied to a quotation."
0,1,,,ItemTypeCode,,,,,,,,,"","Item type","A coded data element used to identify the type of quote condition."
1,1,,,,Value,,,,,,,"xs:string","","","A value from a market list."
0,1,,,,ShortDescription,,,,,,,"xs:string","","","The short description for the value taken from the market list."
0,1,,,,Description,,,,,,,"string","630","Additional information, required if "Free Format" selected","A description provided by the user which supplements the code value."
0,1,,,,Key1,,,,,,,"key","","","A key for indexing a long list."
0,50,,Endorsement,,,,,,,,,,"","","Special terms and conditions"
0,1,,,ReasonApplied,,,,,,,,"s-40","","Reason applied","The reason why the special term, deductible or some other rating factor was applied."
0,1,,,ShortWording,,,,,,,,"s-50","","Short wording","A title that describes a full wording that may be contained elsewhere."
0,1,,,Wording,,,,,,,,"s-630","","Wording","A full wording to apply to an endorsement or cover."
0,10,,Information,,,,,,,,,,"","Information","Information supplied/requested"
0,1,,,Description,,,,,,,,"s-630","","<Blank>","A text description of the information required."
0,150,Premises,,,,,,,,,,,"","Premise","Details of the premises"
0,1,,Id,,,,,,,,,"s-25","","A unique identifier for the premises","A unique identifier for the premises"
0,1,,Address,,,,,,,,,,"","","The address of the premises."
1,1,,,Postcode,,,,,,,,"s-10","","Post code","The postal code for the address."
0,10,,PremiumQuoteBreakdown,,,,,,,,,,"","Premium Quote Breakdown","A breakdown of a premium amount."
0,1,,,TypeCode,,,,,,,,,"","Type","A code which identifies the premium component."
1,1,,,,Value,,,,,,,"xs:string","","","A value from a market list."
0,1,,,,ShortDescription,,,,,,,"xs:string","","","The short description for the value taken from the market list."
0,1,,,,Key1,,,,,,,"key","","","A key for indexing a long list."
0,1,,,ReasonCode,,,,,,,,,"","Reason code","The reason for the amount."
1,1,,,,Value,,,,,,,"xs:string","","","A value from a market list."
0,1,,,,ShortDescription,,,,,,,"xs:string","","","The short description for the value taken from the market list."
0,1,,,,Description,,,,,,,"string","630","Additional information, if required","A description provided by the user which supplements the code value."
0,1,,,,Key1,,,,,,,"key","","","A key for indexing a long list."
0,1,,,Percent,,,,,,,,"d-2","","Percent","A percentage."
0,1,,,CalculationAmount,,,,,,,,"d-2","","Calculation Amount","A monetary amount inserted or derived as part of a calculation."
0,1,,,BasedOnAmount,,,,,,,,"d-2","","Base amount","The base amount from which the calculated result was derived."
0,1,,,RunningTotal,,,,,,,,"d-5","","Running total","May be used to store a running total when calculating the premium."
0,1,,,DisplayFlagInd,,,,,,,,,"","To be displayed?","Indicates whether the section is to be displayed in documentation."
1,1,,,,Value,,,,,,,"xs:boolean","","","A value that represents a true or false response."
0,1,,,GrossAmount,,,,,,,,"d-2","","Amount inclusive of brokerage and tax","A monetary amount inclusive of brokerage/commission and tax."
0,1,,,Amount,,,,,,,,"d-2","","Premium Payable including tax and excluding brokerage/commission.","A monetary amount payable including tax and excluding brokerage/commission."
0,1,,,BrokerageAmount,,,,,,,,"d-2","","Brokerage amount","The monetary amount of the brokerage."
0,1,,,BrokeragePercent,,,,,,,,"d-5","","Brokerage percent","The broker's commission."
0,1,,,IPTAmount,,,,,,,,"d-2","","IPT Amount","The monetary amount of Insurance Premium Tax (IPT)."
0,1,,,IPTPercent,,,,,,,,"d-5","","IPT Percent","The percentage rate of Insurance Premium Tax (IPT)."
0,1,,,MinAppliedInd,,,,,,,,,"","Minimum premium applies?","Indicates that a minimum premium has been applied."
1,1,,,,Value,,,,,,,"xs:boolean","","","A value that represents a true or false response."
0,50,,Endorsement,,,,,,,,,,"","Endorsement Detail","Endorsement/s applicable to the risk"
0,1,,,ReasonApplied,,,,,,,,"s-40","","Reason applied","The reason why the special term, deductible or some other rating factor was applied."
0,1,,,ShortWording,,,,,,,,"s-50","","Short wording","A title that describes a full wording that may be contained elsewhere."
0,1,,,Wording,,,,,,,,"s-630","","Wording","A full wording to apply to an endorsement or cover."
0,60,,QuoteCondition,,,,,,,,,,"","Premises Quote Condition"," Special conditions applied to a quotation."
0,1,,,ItemTypeCode,,,,,,,,,"","Item type","A coded data element used to identify the type of quote condition."
1,1,,,,Value,,,,,,,"xs:string","","","A value from a market list."
0,1,,,,ShortDescription,,,,,,,"xs:string","","","The short description for the value taken from the market list."
0,1,,,,Description,,,,,,,"string","630","Additional information, if required","A description provided by the user which supplements the code value."
0,1,,,,Key1,,,,,,,"key","","","A key for indexing a long list."
0,1,,BuildingsCover,,,,,,,,,,"","","Details of cover in respect of a building."
1,1,,,Buildings,,,,,,,,,"","Buildings","Cover in respect of damage to the buildings."
1,1,,,,CoverDetail,,,,,,,,"","Buildings cover","Details of cover."
1,5,,,,,Perils,,,,,,,"","Perils","Perils for which cover is required/provided.."
1,1,,,,,,Code,,,,,,"","<Blank>","A coded specification of the cover."
1,1,,,,,,,Value,,,,"xs:string","","","A value from a market list."
0,1,,,,,,,ShortDescription,,,,"xs:string","","","The short description for the value taken from the market list."
0,1,,,,,,,Key1,,,,"key","","","A key for indexing a long list."
0,1,,,,,AdjustmentMethodCode,,,,,,,"","Adjustment method","Identifies the method by which adjustments to the sum insured will be made."
1,1,,,,,,Value,,,,,"xs:string","","","A value from a market list."
0,1,,,,,,ShortDescription,,,,,"xs:string","","","The short description for the value taken from the market list."
0,1,,,,,,Key1,,,,,"key","","","A key for indexing a long list."
0,1,,,,,DayOnePercent,,,,,,"decimal","","Day one percent","The cover amount expressed as a day one percentage uplift."
1,1,,,,,SumInsured,,,,,,,"","<Blank>","The maximum amount paid in the event of a claim."
1,1,,,,,,Amount,,,,,"long","","Sum insured amount","A monetary amount."
0,1,,,,,Excess,,,,,,,"","<Blank>","The amount for which the insured is responsible in respect of a claim."
0,1,,,,,,Amount,,,,,"long","","Excess amount","A monetary amount."
0,20,,,AdditionalCover,,,,,,,,,"","Additional Cover","Cover(s) in addition to the main cover applicable."
1,1,,,,Code,,,,,,,,"","Cover type","A coded specification of the cover."
1,1,,,,,Value,,,,,,"xs:string","","","A value from a market list."
0,1,,,,,ShortDescription,,,,,,"xs:string","","","The short description for the value taken from the market list."
0,1,,,,,Key1,,,,,,"key","","","A key for indexing a long list."
1,1,,,,SumInsured,,,,,,,,"","<Blank>","The maximum amount paid in the event of a claim."
1,1,,,,,Amount,,,,,,"long","","Sum insured amount","A monetary amount."
1,1,,,,ExcludedInd,,,,,,,,"","Cover excluded?","Indicates that a cover is specifically excluded from the policy."
1,1,,,,,Value,,,,,,"xs:boolean","","","A value that represents a true or false response."
0,50,,,Endorsement,,,,,,,,,"","Endorsement detail","An alteration to the standard policy wording."
0,1,,,,ReasonApplied,,,,,,,"s-40","","Reason applied","The reason why the special term, deductible or some other rating factor was applied."
0,1,,,,ShortWording,,,,,,,"s-50","","Short wording","A title that describes a full wording that may be contained elsewhere."
0,1,,,,Wording,,,,,,,"s-630","","Wording","A full wording to apply to an endorsement or cover."
0,10,,,PremiumQuoteBreakdown,,,,,,,,,"","Premium breakdown","A detailed breakdown of a premium or quotation."
0,1,,,,TypeCode,,,,,,,,"","Type","A code which identifies the premium component."
1,1,,,,,Value,,,,,,"xs:string","","","A value from a market list."
0,1,,,,,ShortDescription,,,,,,"xs:string","","","The short description for the value taken from the market list."
0,1,,,,,Key1,,,,,,"key","","","A key for indexing a long list."
0,1,,,,ReasonCode,,,,,,,,"","Reason code","The reason for the amount."
1,1,,,,,Value,,,,,,"xs:string","","","A value from a market list."
0,1,,,,,ShortDescription,,,,,,"xs:string","","","The short description for the value taken from the market list."
0,1,,,,,Description,,,,,,"string","630","Additional information, if required","A description provided by the user which supplements the code value."
0,1,,,,,Key1,,,,,,"key","","","A key for indexing a long list."
0,1,,,,Percent,,,,,,,"d-2","","Percent","A percentage."
0,1,,,,CalculationAmount,,,,,,,"d-2","","Calculation Amount","A monetary amount inserted or derived as part of a calculation."
0,1,,,,BasedOnAmount,,,,,,,"d-2","","Base amount","The base amount from which the calculated result was derived."
0,1,,,,RunningTotal,,,,,,,"d-5","","Running total","May be used to store a running total when calculating the premium."
0,1,,,,DisplayFlagInd,,,,,,,,"","To be displayed?","Indicates whether the section is to be displayed in documentation."
1,1,,,,,Value,,,,,,"xs:boolean","","","A value that represents a true or false response."
0,1,,,,GrossAmount,,,,,,,"d-2","","Amount inclusive of brokerage and tax","A monetary amount inclusive of brokerage/commission and tax."
0,1,,,,Amount,,,,,,,"d-2","","Premium Payable including tax and excluding brokerage/ commission.","A monetary amount payable including tax and excluding brokerage/commission."
0,1,,,,BrokerageAmount,,,,,,,"d-2","","Brokerage amount","The monetary amount of the brokerage."
0,1,,,,BrokeragePercent,,,,,,,"d-5","","Brokerage percent","The broker's commission."
0,1,,,,IPTAmount,,,,,,,"d-2","","IPT Amount","The monetary amount of Insurance Premium Tax (IPT)."
0,1,,,,IPTPercent,,,,,,,"d-5","","IPT Percent","The percentage rate of Insurance Premium Tax (IPT)."
0,1,,,,MinAppliedInd,,,,,,,,"","Minimum premium applies?","Indicates that a minimum premium has been applied."
1,1,,,,,Value,,,,,,"xs:boolean","","","A value that represents a true or false response."
1,1,,,ExcludedInd,,,,,,,,,"","Cover excluded?","Indicates that a cover is specifically excluded from the policy."
1,1,,,,Value,,,,,,,"xs:boolean","","","A value that represents a true or false response."
0,1,,ContentsCover,,,,,,,,,,"","","Details of cover in respect of contents."
0,1,,,CoverDetail,,,,,,,,,"","","Details of cover."
1,25,,,,SpecifiedItem,,,,,,,,"","","Details of specific items."
1,1,,,,,TypeCode,,,,,,,"","Type","Identifies the type of specified item."
1,1,,,,,,Value,,,,,"xs:string","","","A value from a market list."
0,1,,,,,,ShortDescription,,,,,"xs:string","","","The short description for the value taken from the market list."
0,1,,,,,,Key1,,,,,"key","","","A key for indexing a long list."
1,1,,,,,SumInsured,,,,,,,"","<Blank>","The maximum amount paid in the event of a claim."
1,1,,,,,,Amount,,,,,"long","","Sum insured amount","A monetary amount."
1,1,,,,,ExcludedInd,,,,,,,"","Item Excluded?","Indicates that an item is specifically excluded from the policy."
1,1,,,,,,Value,,,,,"xs:boolean","","Value","A value that represents a true or false response."
0,1,,,,Excess,,,,,,,,"","<Blank>","The amount for which the insured is responsible in respect of a claim."
0,1,,,,,Amount,,,,,,"long","","Excess amount","A monetary amount."
0,50,,,Endorsement,,,,,,,,,"","Endorsement detail","An alteration to the standard policy wording."
0,1,,,,ReasonApplied,,,,,,,"s-40","","Reason applied","The reason why the special term, deductible or some other rating factor was applied."
0,1,,,,ShortWording,,,,,,,"s-50","","Short wording","A title that describes a full wording that may be contained elsewhere."
0,1,,,,Wording,,,,,,,"s-630","","Wording","A full wording to apply to an endorsement or cover."
0,10,,,PremiumQuoteBreakdown,,,,,,,,,"","Premium breakdown","A detailed breakdown of a premium or quotation."
0,1,,,,TypeCode,,,,,,,,"","Type","A code which identifies the premium component."
1,1,,,,,Value,,,,,,"xs:string","","","A value from a market list."
0,1,,,,,ShortDescription,,,,,,"xs:string","","","The short description for the value taken from the market list."
0,1,,,,,Key1,,,,,,"key","","","A key for indexing a long list."
0,1,,,,ReasonCode,,,,,,,,"","Reason code","The reason for the amount."
1,1,,,,,Value,,,,,,"xs:string","","","A value from a market list."
0,1,,,,,ShortDescription,,,,,,"xs:string","","","The short description for the value taken from the market list."
0,1,,,,,Description,,,,,,"string","630","Additional information, if required","A description provided by the user which supplements the code value."
0,1,,,,,Key1,,,,,,"key","","","A key for indexing a long list."
0,1,,,,Percent,,,,,,,"d-2","","Percent","A percentage."
0,1,,,,CalculationAmount,,,,,,,"d-2","","Calculation Amount","A monetary amount inserted or derived as part of a calculation."
0,1,,,,BasedOnAmount,,,,,,,"d-2","","Base amount","The base amount from which the calculated result was derived."
0,1,,,,RunningTotal,,,,,,,"d-5","","Running total","May be used to store a running total when calculating the premium."
0,1,,,,DisplayFlagInd,,,,,,,,"","To be displayed?","Indicates whether the section is to be displayed in documentation."
1,1,,,,,Value,,,,,,"xs:boolean","","","A value that represents a true or false response."
0,1,,,,GrossAmount,,,,,,,"d-2","","Amount inclusive of brokerage and tax","A monetary amount inclusive of brokerage/commission and tax."
0,1,,,,Amount,,,,,,,"d-2","","Premium Payable including tax and excluding brokerage/ commission.","A monetary amount payable including tax and excluding brokerage/commission."
0,1,,,,BrokerageAmount,,,,,,,"d-2","","Brokerage amount","The monetary amount of the brokerage."
0,1,,,,BrokeragePercent,,,,,,,"d-5","","Brokerage percent","The broker's commission."
0,1,,,,IPTAmount,,,,,,,"d-2","","IPT Amount","The monetary amount of Insurance Premium Tax (IPT)."
0,1,,,,IPTPercent,,,,,,,"d-5","","IPT Percent","The percentage rate of Insurance Premium Tax (IPT)."
0,1,,,,MinAppliedInd,,,,,,,,"","Minimum premium applies?","Indicates that a minimum premium has been applied."
1,1,,,,,Value,,,,,,"xs:boolean","","","A value that represents a true or false response."
1,1,,,ExcludedInd,,,,,,,,,"","Cover excluded?","Indicates that a cover is specifically excluded from the policy."
1,1,,,,Value,,,,,,,"xs:boolean","","","A value that represents a true or false response."
0,1,,BusinessInterruptionCover,,,,,,,,,,"","","Details of business interruption cover."
0,1,,,CoverDetail,,,,,,,,,"","<Blank>","Details of the cover."
1,1,,,,BasisCode,,,,,,,,"","Cover basis","Identifies the basis on which cover is required/provided."
1,1,,,,,Value,,,,,,"xs:string","","","A value from a market list."
0,1,,,,,ShortDescription,,,,,,"xs:string","","","The short description for the value taken from the market list."
0,1,,,,,Key1,,,,,,"key","","","A key for indexing a long list."
1,1,,,,IndemnityPeriod,,,,,,,"long","","Indemnity period (in months)","The indemnity period (in months) provided by the cover.  This is used primarily for covers such as Business Interruption (Consequential Loss) where the benefit of the cover will continue for a period of time after the event which caused the loss."
1,1,,,,SumInsured,,,,,,,,"","<Blank>","The maximum amount paid in the event of a claim."
1,1,,,,,Amount,,,,,,"long","","Sum insured amount","A monetary amount."
0,20,,,AdditionalCover,,,,,,,,,"","","Cover requested/provided in addition to the standard cover."
1,1,,,,Code,,,,,,,,"","Cover type","A coded specification of the cover."
1,1,,,,,Value,,,,,,"xs:string","","","A value from a market list."
0,1,,,,,ShortDescription,,,,,,"xs:string","","","The short description for the value taken from the market list."
0,1,,,,,Key1,,,,,,"key","","","A key for indexing a long list."
1,1,,,,SumInsured,,,,,,,,"","<Blank>","The maximum amount paid in the event of a claim."
1,1,,,,,Amount,,,,,,"long","","Sum insured amount","A monetary amount."
1,1,,,,ExcludedInd,,,,,,,,"","Cover excluded?","Indicates that a cover is specifically excluded from the policy."
1,1,,,,,Value,,,,,,"xs:boolean","","","A value that represents a true or false response."
0,50,,,Endorsement,,,,,,,,,"","Endorsement detail","An alteration to the standard policy wording."
0,1,,,,ReasonApplied,,,,,,,"s-40","","Reason applied","The reason why the special term, deductible or some other rating factor was applied."
0,1,,,,ShortWording,,,,,,,"s-50","","Short wording","A title that describes a full wording that may be contained elsewhere."
0,1,,,,Wording,,,,,,,"s-630","","Wording","A full wording to apply to an endorsement or cover."
0,10,,,PremiumQuoteBreakdown,,,,,,,,,"","Premium breakdown","A detailed breakdown of a premium or quotation."
0,1,,,,TypeCode,,,,,,,,"","Type","A code which identifies the premium component."
1,1,,,,,Value,,,,,,"xs:string","","","A value from a market list."
0,1,,,,,ShortDescription,,,,,,"xs:string","","","The short description for the value taken from the market list."
0,1,,,,,Key1,,,,,,"key","","","A key for indexing a long list."
0,1,,,,ReasonCode,,,,,,,,"","Reason code","The reason for the amount."
1,1,,,,,Value,,,,,,"xs:string","","","A value from a market list."
0,1,,,,,ShortDescription,,,,,,"xs:string","","","The short description for the value taken from the market list."
0,1,,,,,Description,,,,,,"string","630","Additional information, if required","A description provided by the user which supplements the code value."
0,1,,,,,Key1,,,,,,"key","","","A key for indexing a long list."
0,1,,,,Percent,,,,,,,"d-2","","Percent","A percentage."
0,1,,,,CalculationAmount,,,,,,,"d-2","","Calculation Amount","A monetary amount inserted or derived as part of a calculation."
0,1,,,,BasedOnAmount,,,,,,,"d-2","","Base amount","The base amount from which the calculated result was derived."
0,1,,,,RunningTotal,,,,,,,"d-5","","Running total","May be used to store a running total when calculating the premium."
0,1,,,,DisplayFlagInd,,,,,,,,"","To be displayed?","Indicates whether the section is to be displayed in documentation."
1,1,,,,,Value,,,,,,"xs:boolean","","","A value that represents a true or false response."
0,1,,,,GrossAmount,,,,,,,"d-2","","Amount inclusive of brokerage and tax","A monetary amount inclusive of brokerage/commission and tax."
0,1,,,,Amount,,,,,,,"d-2","","Premium Payable including tax and excluding brokerage/ commission.","A monetary amount payable including tax and excluding brokerage/commission."
0,1,,,,BrokerageAmount,,,,,,,"d-2","","Brokerage amount","The monetary amount of the brokerage."
0,1,,,,BrokeragePercent,,,,,,,"d-5","","Brokerage percent","The broker's commission."
0,1,,,,IPTAmount,,,,,,,"d-2","","IPT Amount","The monetary amount of Insurance Premium Tax (IPT)."
0,1,,,,IPTPercent,,,,,,,"d-5","","IPT Percent","The percentage rate of Insurance Premium Tax (IPT)."
0,1,,,,MinAppliedInd,,,,,,,,"","Minimum premium applies?","Indicates that a minimum premium has been applied."
1,1,,,,,Value,,,,,,"xs:boolean","","","A value that represents a true or false response."
1,1,,,ExcludedInd,,,,,,,,,"","Cover excluded?","Indicates that a cover is specifically excluded from the policy."
1,1,,,,Value,,,,,,,"xs:boolean","","","A value that represents a true or false response."
0,1,PropertyOwnersLiabilityCover,,,,,,,,,,,"","Property Owners Liability Cover","Details of cover specific to property owners."
0,1,,CoverDetail,,,,,,,,,,"","<Blank>","Details of cover."
1,1,,,SumInsured,,,,,,,,,"","<Blank>","The maximum amount paid in the event of a claim."
1,1,,,,Amount,,,,,,,"long","","Indemnity limit amount - Please input the full amount, eg 1000000","A monetary amount."
0,50,,,Endorsement,,,,,,,,,"","Endorsement detail","An alteration to the standard policy wording."
0,1,,,,ReasonApplied,,,,,,,"s-40","","Reason applied","The reason why the special term, deductible or some other rating factor was applied."
0,1,,,,ShortWording,,,,,,,"s-50","","Short wording","A title that describes a full wording that may be contained elsewhere."
0,1,,,,Wording,,,,,,,"s-630","","Wording","A full wording to apply to an endorsement or cover."
0,10,,,PremiumQuoteBreakdown,,,,,,,,,"","Premium breakdown","A detailed breakdown of a premium or quotation."
0,1,,,,TypeCode,,,,,,,,"","Type","A code which identifies the premium component."
1,1,,,,,Value,,,,,,"xs:string","","","A value from a market list."
0,1,,,,,ShortDescription,,,,,,"xs:string","","","The short description for the value taken from the market list."
0,1,,,,,Key1,,,,,,"key","","","A key for indexing a long list."
0,1,,,,ReasonCode,,,,,,,,"","Reason code","The reason for the amount."
1,1,,,,,Value,,,,,,"xs:string","","","A value from a market list."
0,1,,,,,ShortDescription,,,,,,"xs:string","","","The short description for the value taken from the market list."
0,1,,,,,Description,,,,,,"string","630","Additional information, if required","A description provided by the user which supplements the code value."
0,1,,,,,Key1,,,,,,"key","","","A key for indexing a long list."
0,1,,,,Percent,,,,,,,"d-2","","Percent","A percentage."
0,1,,,,CalculationAmount,,,,,,,"d-2","","Calculation Amount","A monetary amount inserted or derived as part of a calculation."
0,1,,,,BasedOnAmount,,,,,,,"d-2","","Base amount","The base amount from which the calculated result was derived."
0,1,,,,RunningTotal,,,,,,,"d-5","","Running total","May be used to store a running total when calculating the premium."
0,1,,,,DisplayFlagInd,,,,,,,,"","To be displayed?","Indicates whether the section is to be displayed in documentation."
1,1,,,,,Value,,,,,,"xs:boolean","","","A value that represents a true or false response."
0,1,,,,GrossAmount,,,,,,,"d-2","","Amount inclusive of brokerage and tax","A monetary amount inclusive of brokerage/commission and tax."
0,1,,,,Amount,,,,,,,"d-2","","Premium Payable including tax and excluding brokerage/ commission.","A monetary amount payable including tax and excluding brokerage/commission."
0,1,,,,BrokerageAmount,,,,,,,"d-2","","Brokerage amount","The monetary amount of the brokerage."
0,1,,,,BrokeragePercent,,,,,,,"d-5","","Brokerage percent","The broker's commission."
0,1,,,,IPTAmount,,,,,,,"d-2","","IPT Amount","The monetary amount of Insurance Premium Tax (IPT)."
0,1,,,,IPTPercent,,,,,,,"d-5","","IPT Percent","The percentage rate of Insurance Premium Tax (IPT)."
0,1,,,,MinAppliedInd,,,,,,,,"","Minimum premium applies?","Indicates that a minimum premium has been applied."
1,1,,,,,Value,,,,,,"xs:boolean","","","A value that represents a true or false response."
1,1,,ExcludedInd,,,,,,,,,,"","Cover excluded?","Indicates that a cover is specifically excluded from the policy."
1,1,,,Value,,,,,,,,"xs:boolean","","","A value that represents a true or false response."
0,1,EmployersLiabilityCover,,,,,,,,,,,"","","Details of employers liability cover."
0,1,,CoverDetail,,,,,,,,,,"","<Blank>","Details of cover."
1,1,,,SumInsured,,,,,,,,,"","<Blank>","The maximum amount paid in the event of a claim."
1,1,,,,Amount,,,,,,,"long","","Indemnity limit amount - Please input the full amount, eg 1000000","A monetary amount."
0,50,,,Endorsement,,,,,,,,,"","Endorsement detail","An alteration to the standard policy wording."
0,1,,,,ReasonApplied,,,,,,,"s-40","","Reason applied","The reason why the special term, deductible or some other rating factor was applied."
0,1,,,,ShortWording,,,,,,,"s-50","","Short wording","A title that describes a full wording that may be contained elsewhere."
0,1,,,,Wording,,,,,,,"s-630","","Wording","A full wording to apply to an endorsement or cover."
0,10,,,PremiumQuoteBreakdown,,,,,,,,,"","Premium breakdown","A detailed breakdown of a premium or quotation."
0,1,,,,TypeCode,,,,,,,,"","Type","A code which identifies the premium component."
1,1,,,,,Value,,,,,,"xs:string","","","A value from a market list."
0,1,,,,,ShortDescription,,,,,,"xs:string","","","The short description for the value taken from the market list."
0,1,,,,,Key1,,,,,,"key","","","A key for indexing a long list."
0,1,,,,ReasonCode,,,,,,,,"","Reason code","The reason for the amount."
1,1,,,,,Value,,,,,,"xs:string","","","A value from a market list."
0,1,,,,,ShortDescription,,,,,,"xs:string","","","The short description for the value taken from the market list."
0,1,,,,,Description,,,,,,"string","630","Additional information, if required","A description provided by the user which supplements the code value."
0,1,,,,,Key1,,,,,,"key","","","A key for indexing a long list."
0,1,,,,Percent,,,,,,,"d-2","","Percent","A percentage."
0,1,,,,CalculationAmount,,,,,,,"d-2","","Calculation Amount","A monetary amount inserted or derived as part of a calculation."
0,1,,,,BasedOnAmount,,,,,,,"d-2","","Base amount","The base amount from which the calculated result was derived."
0,1,,,,RunningTotal,,,,,,,"d-5","","Running total","May be used to store a running total when calculating the premium."
0,1,,,,DisplayFlagInd,,,,,,,,"","To be displayed?","Indicates whether the section is to be displayed in documentation."
1,1,,,,,Value,,,,,,"xs:boolean","","","A value that represents a true or false response."
0,1,,,,GrossAmount,,,,,,,"d-2","","Amount inclusive of brokerage and tax","A monetary amount inclusive of brokerage/commission and tax."
0,1,,,,Amount,,,,,,,"d-2","","Premium Payable including tax and excluding brokerage/ commission.","A monetary amount payable including tax and excluding brokerage/commission."
0,1,,,,BrokerageAmount,,,,,,,"d-2","","Brokerage amount","The monetary amount of the brokerage."
0,1,,,,BrokeragePercent,,,,,,,"d-5","","Brokerage percent","The broker's commission."
0,1,,,,IPTAmount,,,,,,,"d-2","","IPT Amount","The monetary amount of Insurance Premium Tax (IPT)."
0,1,,,,IPTPercent,,,,,,,"d-5","","IPT Percent","The percentage rate of Insurance Premium Tax (IPT)."
0,1,,,,MinAppliedInd,,,,,,,,"","Minimum premium applies?","Indicates that a minimum premium has been applied."
1,1,,,,,Value,,,,,,"xs:boolean","","","A value that represents a true or false response."
1,1,,ExcludedInd,,,,,,,,,,"","Cover excluded?","Indicates that a cover is specifically excluded from the policy."
1,1,,,Value,,,,,,,,"xs:boolean","","","A value that represents a true or false response."
0,1,TerrorismCover,,,,,,,,,,,"","","Details of cover against terrorism risks."
1,1,,ExcludedInd,,,,,,,,,,"","Cover excluded?","Indicates that a cover is specifically excluded from the policy."
1,1,,,Value,,,,,,,,"xs:boolean","","","A value that represents a true or false response."
0,20,OtherCover,,,,,,,,,,,"","","Details of additional cover requested/provided."
1,1,,Code,,,,,,,,,,"","Cover type","A coded specification of the cover."
1,1,,,Value,,,,,,,,"xs:string","","","A value from a market list."
0,1,,,ShortDescription,,,,,,,,"xs:string","","","The short description for the value taken from the market list."
0,1,,,Key1,,,,,,,,"key","","","A key for indexing a long list."
0,1,,SumInsured,,,,,,,,,,"","<Blank>","The maximum amount paid in the event of a claim."
0,1,,,Amount,,,,,,,,"long","","Sum insured amount","A monetary amount."
0,50,,Endorsement,,,,,,,,,,"","Endorsement detail","An alteration to the standard policy wording."
0,1,,,ReasonApplied,,,,,,,,"s-40","","Reason applied","The reason why the special term, deductible or some other rating factor was applied."
0,1,,,ShortWording,,,,,,,,"s-50","","Short wording","A title that describes a full wording that may be contained elsewhere."
0,1,,,Wording,,,,,,,,"s-630","","Wording","A full wording to apply to an endorsement or cover."
0,10,,PremiumQuoteBreakdown,,,,,,,,,,"","Premium breakdown","A detailed breakdown of a premium or quotation."
0,1,,,TypeCode,,,,,,,,,"","Type","A code which identifies the premium component."
1,1,,,,Value,,,,,,,"xs:string","","","A value from a market list."
0,1,,,,ShortDescription,,,,,,,"xs:string","","","The short description for the value taken from the market list."
0,1,,,,Key1,,,,,,,"key","","","A key for indexing a long list."
0,1,,,ReasonCode,,,,,,,,,"","Reason code","The reason for the amount."
1,1,,,,Value,,,,,,,"xs:string","","","A value from a market list."
0,1,,,,ShortDescription,,,,,,,"xs:string","","","The short description for the value taken from the market list."
0,1,,,,Description,,,,,,,"string","630","Additional information, if required","A description provided by the user which supplements the code value."
0,1,,,,Key1,,,,,,,"key","","","A key for indexing a long list."
0,1,,,Percent,,,,,,,,"d-2","","Percent","A percentage."
0,1,,,CalculationAmount,,,,,,,,"d-2","","Calculation Amount","A monetary amount inserted or derived as part of a calculation."
0,1,,,BasedOnAmount,,,,,,,,"d-2","","Base amount","The base amount from which the calculated result was derived."
0,1,,,RunningTotal,,,,,,,,"d-5","","Running total","May be used to store a running total when calculating the premium."
0,1,,,DisplayFlagInd,,,,,,,,,"","To be displayed?","Indicates whether the section is to be displayed in documentation."
1,1,,,,Value,,,,,,,"xs:boolean","","","A value that represents a true or false response."
0,1,,,GrossAmount,,,,,,,,"d-2","","Amount inclusive of brokerage and tax","A monetary amount inclusive of brokerage/commission and tax."
0,1,,,Amount,,,,,,,,"d-2","","Premium Payable including tax and excluding brokerage/ commission.","A monetary amount payable including tax and excluding brokerage/commission."
0,1,,,BrokerageAmount,,,,,,,,"d-2","","Brokerage amount","The monetary amount of the brokerage."
0,1,,,BrokeragePercent,,,,,,,,"d-5","","Brokerage percent","The broker's commission."
0,1,,,IPTAmount,,,,,,,,"d-2","","IPT Amount","The monetary amount of Insurance Premium Tax (IPT)."
0,1,,,IPTPercent,,,,,,,,"d-5","","IPT Percent","The percentage rate of Insurance Premium Tax (IPT)."
0,1,,,MinAppliedInd,,,,,,,,,"","Minimum premium applies?","Indicates that a minimum premium has been applied."
1,1,,,,Value,,,,,,,"xs:boolean","","","A value that represents a true or false response."
1,1,,ExcludedInd,,,,,,,,,,"","Cover excluded?","Indicates that a cover is specifically excluded from the policy."
1,1,,,Value,,,,,,,,"xs:boolean","","","A value that represents a true or false response."
0,10,Document,,,,,,,,,,,"","Document Detail","Details of documentation."
0,1,,TypeCode,,,,,,,,,,"","Type","The type of document to be printed."
1,1,,,Value,,,,,,,,"xs:string","","","A value from a market list."
0,1,,,ShortDescription,,,,,,,,"xs:string","","","The short description for the value taken from the market list."
0,1,,,Key1,,,,,,,,"key","","","A key for indexing a long list."
0,1,,DeliveryMethodCode,,,,,,,,,,"","Delivery method","The method via which a document or attachment will or has been delivered."
1,1,,,Value,,,,,,,,"xs:string","","","A value from a market list."
0,1,,,ShortDescription,,,,,,,,"xs:string","","","The short description for the value taken from the market list."
0,1,,,Key1,,,,,,,,"key","","","A key for indexing a long list."
0,5,Attachment,,,,,,,,,,,"","","Details of an attachment."
0,1,,URI,,,,,,,,,"uri","","Document location","The Uniform Resource Identifier (locator or name) for the document when it is a logical or physical attachment."
