
AcceptanceRs
Version 6-0
Report Created 2/12/2010

Min,Max,Level 1,Level 2,Level 3,Level 4,Level 5,Level 6,Level 7,Level 8,Level 9,Level 10,Type,Max Length,Caption,Description
1,1,DateGenerated,,,,,,,,,,"date","","","The date that the entry was generated."
1,1,TimeGenerated,,,,,,,,,,"time","","","The time on the creation date when the entry was generated."
1,1,StartDate,,,,,,,,,,"date","","Cover start date for this transaction","The date the entry is to take effect."
1,1,StartTime,,,,,,,,,,"time","","Cover start time for this transaction","The time the entry is to take effect."
0,1,EndDate,,,,,,,,,,"date","","Cover end date for this transaction","The date the entry is to expire."
0,1,EndTime,,,,,,,,,,"time","","Cover end time for this transaction","The time the entry is to expire."
0,1,AgencyAccountRef,,,,,,,,,,"s-25","","Agency account reference","A reference allocated by the insurer to identify the individual agency account/contract."
1,1,Insurer,,,,,,,,,,,"","","Details of an insurer"
0,1,,PEMId,,,,,,,,,"s-25","","PEM Id","A code that uniquely identifies a party within PEM."
0,1,,InStepCode,,,,,,,,,"s-6","","","Contains a value from Online Code list 1 (EDI Directory)."
0,1,,CompanyName,,,,,,,,,"s-630","","Company name","The name of the company or partnership."
0,1,,Contact,,,,,,,,,,"","Contact","Details of a contact at the trading partner."
0,1,,,IndividualName,,,,,,,,,"","<Blank>","The name of the party when an individual."
1,1,,,,FirstForename,,,,,,,"s-40","","First forename","The first forename of an individual."
1,1,,,,Surname,,,,,,,"s-40","","Surname","The surname of an individual."
0,1,,,WorkTelephoneNo,,,,,,,,"s-15","","Work telephone number","The telephone number at work."
0,1,,,EmailAddress,,,,,,,,"s-50","","Email address","An email address for the party."
1,1,Intermediary,,,,,,,,,,,"","Intermediary","Details of an insurance intermediary."
0,1,,PEMId,,,,,,,,,"s-25","","PEM Id","A code that uniquely identifies a party within PEM."
0,1,,InStepCode,,,,,,,,,"s-6","","","Contains a value from Online Code list 1 (EDI Directory)."
0,1,,CompanyName,,,,,,,,,"s-630","","Company name","The name of the company or partnership."
0,1,,RiskReference,,,,,,,,,"s-50","","Risk reference","The client reference"
0,1,,TransactionReference,,,,,,,,,"s-50","","The reference for this business transaction","The reference for this business transaction"
0,1,,Contact,,,,,,,,,,"","Contact information","Details of a contact at the trading partner."
1,1,,,IndividualName,,,,,,,,,"","<Blank>","The name of the party when an individual."
1,1,,,,FirstForename,,,,,,,"s-40","","First forename","The first forename of an individual."
1,1,,,,Surname,,,,,,,"s-40","","Surname","The surname of an individual."
1,1,,,WorkTelephoneNo,,,,,,,,"s-15","","Work telephone number","The telephone number at work."
1,1,,,EmailAddress,,,,,,,,"s-50","","Email address","An email address for the party."
1,1,Insured,,,,,,,,,,,"","","Contains details of the insured party."
0,5,,IndividualName,,,,,,,,,,"","Partners name, or individual's name if trading as a sole proprietor or an individual.","The name of the party when an individual."
0,1,,,TitleCode,,,,,,,,,"","Title","Identifies the title of an individual."
1,1,,,,Value,,,,,,,"xs:string","","","A value from a market list."
0,1,,,,ShortDescription,,,,,,,"xs:string","","","The short description for the value taken from the market list."
0,1,,,,Key1,,,,,,,"key","","","A key for indexing a long list."
1,1,,,FirstForename,,,,,,,,"s-40","","First forename","The first forename of an individual."
1,1,,,Surname,,,,,,,,"s-40","","Surname","The surname of an individual."
0,1,,CompanyName,,,,,,,,,"s-630","","The trading name for a sole proprietor company, the partnership trading name or the limited company name.","The name of the company or partnership."
0,1,Policy,,,,,,,,,,,"","Policy Detail","Contains details of the policy ."
0,1,,PolicyNumber,,,,,,,,,"s-25","","Policy number","A reference which uniquely identifies the policy."
0,1,,QuoteReference,,,,,,,,,"s-30","","The insurer's quotation reference","The insurer's quotation reference."
0,1,,ProductName,,,,,,,,,"s-70","","Product name","The product/scheme name"
0,5,,QuoteCondition,,,,,,,,,,"","Policy quote condition","Special conditions applied to a quotation."
0,1,,,ItemTypeCode,,,,,,,,,"","Item type","A coded data element used to identify the type of quote condition."
1,1,,,,Value,,,,,,,"xs:string","","","A value from a market list."
0,1,,,,ShortDescription,,,,,,,"xs:string","","","The short description for the value taken from the market list."
0,1,,,,Key1,,,,,,,"key","","","A key for indexing a long list."
0,1,PremiumQuoteBreakdown,,,,,,,,,,,"","Premium Quote Breakdown for this transaction","A breakdown of a premium quotation."
0,1,,GrossAmount,,,,,,,,,"d-2","","Amount inclusive of brokerage and tax","A monetary amount inclusive of brokerage/commission and tax."
0,1,,Amount,,,,,,,,,"d-2","","Premium Payable including tax and excluding brokerage/commission.","A monetary amount payable including tax and excluding brokerage/commission."
0,1,,BrokerageAmount,,,,,,,,,"d-2","","Brokerage amount","The monetary amount of the brokerage."
0,1,,BrokeragePercent,,,,,,,,,"d-5","","Brokerage percent","The broker's commission."
0,1,,IPTAmount,,,,,,,,,"d-2","","IPT Amount","The monetary amount of Insurance Premium Tax (IPT)."
0,1,,IPTPercent,,,,,,,,,"d-5","","IPT Percent","The percentage rate of Insurance Premium Tax (IPT)."
0,1,,MinAppliedInd,,,,,,,,,,"","Minimum premium applies?","Indicates that a minimum premium has been applied."
1,1,,,Value,,,,,,,,"xs:boolean","","","A value that represents a true or false response."
0,1,PaymentPlan,,,,,,,,,,,"","Payment Plan Details","Details of a scheme to pay by instalments."
0,1,,NoOfPayments,,,,,,,,,"long","","Number of payments","The number of payments which will be made until the total amount has been paid."
0,1,,PaymentFrequencyCode,,,,,,,,,,"","Payment frequency","The frequency at which payments will be made."
1,1,,,Value,,,,,,,,"xs:string","","","A value from a market list."
0,1,,,ShortDescription,,,,,,,,"xs:string","","","The short description for the value taken from the market list."
0,1,,,Key1,,,,,,,,"key","","","A key for indexing a long list."
0,1,,DownPaymentAmount,,,,,,,,,"d-2","","Down payment amount","The amount of deposit/down payment required."
0,1,,SuccessiveInstalmentAmount,,,,,,,,,"d-2","","Successive instalment amount","The amount of the second and subsequent instalments required by the payment option."
0,1,,MethodOfPaymentCode,,,,,,,,,,"","Method of payment","The method by which payment will be made."
1,1,,,Value,,,,,,,,"xs:string","","","A value from a market list."
0,1,,,ShortDescription,,,,,,,,"xs:string","","","The short description for the value taken from the market list."
0,1,,,Key1,,,,,,,,"key","","","A key for indexing a long list."
0,1,,TotalAmountPayable,,,,,,,,,"d-2","","Total amount payable","The total payable under the terms of the plan. This must include the Calculated Premium, Admin. Fees and Interest payable."
0,1,,InterestAmount,,,,,,,,,"d-2","","Interest amount","The total amount of interest payable under the plan."
0,1,,InterestPercent,,,,,,,,,"d-2","","Basic rate of interest","The basic rate of interest for the payment plan."
0,1,,APR,,,,,,,,,"d-2","","APR","The annual percentage rate of interest for the plan."
0,1,StatusCode,,,,,,,,,,,"","Transaction status","Status of the policy."
1,1,,Value,,,,,,,,,"xs:string","","","A value from a market list."
0,1,,ShortDescription,,,,,,,,,"xs:string","","","The short description for the value taken from the market list."
0,1,,Description,,,,,,,,,"string","630","Additional information","A description provided by the user which supplements the code value."
0,1,,Key1,,,,,,,,,"key","","","A key for indexing a long list."
0,10,Document,,,,,,,,,,,"","Document Detail","Details of documentation."
0,1,,TypeCode,,,,,,,,,,"","Type","The type of document to be printed."
1,1,,,Value,,,,,,,,"xs:string","","","A value from a market list."
0,1,,,ShortDescription,,,,,,,,"xs:string","","","The short description for the value taken from the market list."
0,1,,,Description,,,,,,,,"string","630","Additional information, if required","A description provided by the user which supplements the code value."
0,1,,,Key1,,,,,,,,"key","","","A key for indexing a long list."
0,1,,DeliveryMethodCode,,,,,,,,,,"","Delivery method","The method via which a document or attachment will or has been delivered."
1,1,,,Value,,,,,,,,"xs:string","","","A value from a market list."
0,1,,,ShortDescription,,,,,,,,"xs:string","","","The short description for the value taken from the market list."
0,1,,,Key1,,,,,,,,"key","","","A key for indexing a long list."
0,5,Attachment,,,,,,,,,,,"","","Details of an attachment."
0,1,,URI,,,,,,,,,"uri","","Document location","The Uniform Resource Identifier (locator or name) for the document when it is a logical or physical attachment."
